pest,taxonomic_group,assessment_date,quarantine_status,eppo_code,presence_in_europe,lehtipuut_ja_pensaat_uh,havukasvit_uh,hedelmapuut_uh,marjakasvit_uh,peruna_uh,sokerijuurikas_uh,avomaavihannekset_uh,muut_avomaakasvit_uh,kasvihuonekurkku_uh,kasvihuonetomaatti_uh,kasvihuonepaprika_uh,kasvihuonesalaatti_uh,kasvihuonekoristekasvit_uh,muut_uh,Species,entry_25perc,entry_median,entry_75perc,establishment_and_spread_25perc,establishment_and_spread_median,establishment_and_spread_75perc,invasion_25perc,invasion_median,invasion_75perc,impact_25perc,impact_median,impact_75perc,preventability_median,controlability_median,manageability_median
Acleris gloverana,Insects,1/22/2021,Other quarantine,ACLRGL,No,No,Yes,No,No,No,No,No,No,No,No,No,No,No,No,Acleris gloverana (Fernald) / 04.2.2014,0.0354,0.0534,0.0682,0.5369,0.5897,0.6487,0.0207,0.0304,0.0404,0.2739,0.3365,0.409,0.25,0.748675,0.25
Acleris variana,Insects,1/22/2021,Other quarantine,ACLRVA,No,No,Yes,No,No,No,No,No,No,No,No,No,No,No,No,Acleris variana (Fernald) / 03.2.2014,0.044,0.0695,0.0849,0.4791,0.5246,0.5895,0.0228,0.0355,0.0451,0.2797,0.3384,0.4032,0.25,0.92695,0.25
Acrobasis pyrivorella,Insects,4/23/2020,Other quarantine,NUMOPI,No,No,No,Yes,No,No,No,No,No,No,No,No,No,No,No,Acrobasis pyrivorella,0.0224,0.0304,0.0359,0.2972,0.3303,0.3549,0.007,0.0098,0.012,0.0661,0.0809,0.0974,0.07595,0.16515,0.0653
Aculops fuchsiae,Mites,1/15/2020,RNQP,ACUPFU,Yes,No,No,No,No,No,No,No,No,No,No,No,No,Yes,No,Aculops fuchsiae Keifer / 14.10.2013,0.1192,0.1496,0.179,1.00E-04,1.00E-04,0.1953,1.00E-04,1.00E-04,0.0186,0.0138,0.0198,0.0241,0.5,1.00E-04,1.00E-04
Acute Oak Decline,Bacteria and phytoplasmas,1/15/2020,Other non-quarantine,n/a,Yes,Yes,No,No,No,No,No,No,No,No,No,No,No,No,No,Acute oak decline,0.0345,0.0423,0.0521,0.4337,0.4786,0.5133,0.0159,0.02,0.0251,0.2456,0.3095,0.379,0.573475,0.82275,0.573475
Agrilus anxius,Insects,3/17/2022,Priority,AGRLAX,No,Yes,No,No,No,No,No,No,No,No,No,No,No,No,No,Agrilus anxius Gory / 14.4.2014,0.0367,0.0708,0.0867,0.669,0.7131,0.7485,0.0262,0.0494,0.0606,0.7217,0.7673,0.8158,0.5,0.9999,0.5
Agrilus auroguttatus,Insects,04/07/2020,Other non-quarantine,AGRLGT,No,Yes,No,No,No,No,No,No,No,No,No,No,No,No,No,Agrilus auroguttatus Schäffer  / 02.2.2016,0.0344,0.0467,0.0532,0.228,0.2973,0.362,0.0061,0.0125,0.0169,0.1643,0.2229,0.295,0.426875,0.7536,0.426875
Agrilus planipennis,Insects,04/06/2020,Priority,AGRLPL,Yes,Yes,No,No,No,No,No,No,No,No,No,No,No,No,No,"Agrilus planipennis Fairmaire, 1888 / 04.2.2014",0.2942,0.3457,0.4155,0.5937,0.6385,0.6751,0.1854,0.2196,0.2654,0.443,0.4662,0.4857,0.6495,0.924825,0.6495
Aleurocanthus spiniferus,Insects,1/18/2021,Other quarantine,ALECSN,Yes,No,No,No,No,No,No,No,No,No,No,No,No,Yes,No,Aleurocanthus spiniferus,0.6046,0.654,0.709,1.00E-04,1.00E-04,1.00E-04,1.00E-04,1.00E-04,1.00E-04,0.0036,0.008,0.0137,0.25,1.00E-04,1.00E-04
Aleurocanthus woglumi,Insects,12/23/2020,Other quarantine,ALECWO,No,No,No,No,No,No,No,No,No,No,No,No,No,Yes,No,Aleurocanthus woglumi,0.4939,0.5846,0.6749,1.00E-04,1.00E-04,0.1826,1.00E-04,1.00E-04,0.0758,0.0036,0.0079,0.0138,0.25,1.00E-04,1.00E-04
Alternaria gaisen,Fungi and fungus-like,1/16/2020,Other non-quarantine,ALTEKI,Yes,No,No,Yes,No,No,No,No,No,No,No,No,No,No,No,Alternaria gaisen Nagano  / 07.6.2016,0.0421,0.0481,0.056,1.00E-04,1.00E-04,0.2003,1.00E-04,1.00E-04,0.0084,0.0139,0.0196,0.0241,0.32365,0.75,0.32365
Alternaria mali,Fungi and fungus-like,1/16/2020,Other non-quarantine,ALTEMA,Yes,No,No,Yes,No,No,No,No,No,No,No,No,No,No,No,Alternaria mali Roberts  / 06.6.2016,0.0422,0.048,0.056,0.2889,0.3206,0.3542,0.0131,0.0153,0.0181,0.1059,0.1289,0.1528,0.32285,0.57475,0.32285
Amauromyza maculosa,Insects,4/23/2020,Other quarantine,AMAZMA,Yes,No,No,No,No,No,No,No,No,No,No,No,Yes,Yes,No,Amauromyza maculosa,0.1602,0.1755,0.1902,0.3581,0.393,0.4254,0.0602,0.0685,0.0778,0.0554,0.0797,0.1091,0.32235,0.348825,0.284775
American plum line pattern virus,Viruses and viroids,1/17/2020,Other quarantine,APLPV0,Yes,No,No,Yes,No,No,No,No,No,No,No,No,No,No,No,American plum line pattern virus / 14.4.2016,0.042,0.0478,0.0559,0.544,0.5936,0.6444,0.0245,0.0282,0.0331,0.014,0.0197,0.024,0.5,0.1654,0.1654
Anastrepha fraterculus,Insects,1/17/2020,Other quarantine,ANSTFR,No,No,No,Yes,No,No,No,No,No,No,No,No,No,No,No,Anastrepha fraterculus (Wiedemann) / 09.2.2016,0.1061,0.1229,0.1396,1.00E-04,1.00E-04,1.00E-04,1.00E-04,1.00E-04,1.00E-04,0.0038,0.0081,0.0138,0.3236,1.00E-04,1.00E-04
Andean potato latent virus,Viruses and viroids,1/17/2020,Other quarantine,APLV00,No,No,No,No,No,Yes,No,No,No,No,No,No,No,No,No,Andean potato latent virus / 04.11.2016,0.0558,0.0919,0.1091,0.5798,0.5914,0.667,0.0325,0.0556,0.0666,0.1282,0.1506,0.1714,0.32435,0.82245,0.32435
Andean potato mottle virus,Viruses and viroids,1/17/2020,Other quarantine,APMOV0,No,No,No,No,No,Yes,No,No,No,No,No,No,No,No,No,Andean potato mottle virus / 29.3.2016,0.034,0.0913,0.1087,0.5803,0.5924,0.6682,0.0219,0.0553,0.0664,0.1377,0.1611,0.1795,0.322675,0.82235,0.322675
Anisogramma anomala,Fungi and fungus-like,1/17/2020,Other quarantine,CRSPAN,No,Yes,No,No,No,No,No,No,No,No,No,No,No,No,No,Anisogramma anomala (Peck) E.Müller / 11.3.2014,0.0186,0.0262,0.0322,0.495,0.5465,0.5944,0.0076,0.0138,0.0172,0.1534,0.1713,0.1954,0.5,0.82375,0.5
Anoplophora chinensis,Insects,8/27/2021,Priority,ANOLCN,Yes,Yes,No,No,No,No,No,No,No,No,No,No,No,No,No,Anoplophora chinensis (Forster) / 12.4.2017,0.1411,0.156,0.1744,0.1687,0.225,0.2809,0.0253,0.0349,0.0445,0.1415,0.1767,0.2122,0.5,0.744975,0.5
Anoplophora glabripennis,Insects,1/17/2020,Priority,ANOLGL,Yes,Yes,No,No,No,No,No,No,No,No,No,No,No,No,No,Anoplophora glabripennis (Motschulsky) / 30.1.2014,0.4807,0.5293,0.5772,0.4629,0.5105,0.5476,0.2317,0.2659,0.3018,0.3201,0.344,0.3658,0.5,0.751625,0.5
Anthonomus bisignifer,Insects,1/17/2020,Other quarantine,ANTHBI,No,No,No,No,Yes,No,No,No,No,No,No,No,No,No,No,Anthonomus bisignifer Schenkling / 11.11.2016,0.0767,0.0856,0.097,0.307,0.3825,0.4588,0.0258,0.0326,0.0404,0.0785,0.1128,0.1437,0.177575,0.929675,0.177575
Anthonomus eugenii,Insects,1/25/2021,Priority,ANTHEU,Yes,No,No,No,No,No,No,No,No,No,No,Yes,No,No,No,Anthonomus eugenii Cano / 12.5.2014,0.0149,0.0211,0.0266,0.2153,0.2728,0.3253,0.0026,0.0052,0.0073,0.1009,0.1281,0.1582,0.5,1.00E-04,1.00E-04
Anthonomus quadrigibbus,Insects,1/20/2020,Other quarantine,TACYQU,No,No,No,Yes,No,No,No,No,No,No,No,No,No,No,No,Anthonomus quadrigibbus Say / 10.2.2014,0.0345,0.0399,0.0472,0.5888,0.6486,0.6952,0.0215,0.0257,0.0308,0.0585,0.0751,0.0908,0.321725,0.753025,0.321725
Anthonomus signatus,Insects,1/20/2020,Other quarantine,ANTHSI,No,No,No,No,Yes,No,No,No,No,No,No,No,No,No,No,Anthonomus signatus Say  / 11.11.2016,0.1256,0.1432,0.167,0.4477,0.4958,0.5314,0.0607,0.0706,0.083,0.0768,0.1108,0.1433,0.1773,0.92535,0.1773
Aphelenchoides besseyi,Nematodes,1/20/2020,RNQP,APLOBE,Yes,No,No,No,Yes,No,No,No,No,No,No,No,No,No,No,Aphelenchoides besseyi Christie / 19.6.2013 (tarkistus 26.7.2013),0.3835,0.4362,0.5036,0.1439,0.25,0.2726,0.056,0.1003,0.1305,0.0238,0.0436,0.0666,0.5,0.44725,0.44725
Apiosporina morbosa,Fungi and fungus-like,1/20/2020,Other quarantine,DIBOMO,No,No,No,Yes,No,No,No,No,No,No,No,No,No,No,No,Apiosporina morbosa  (Schweinitz) von Arx  / 24.5.2016,1.00E-04,0.026,0.032,0.4446,0.4958,0.5449,1.00E-04,0.0125,0.0156,0.0314,0.0359,0.0417,0.4278,0.850775,0.4278
Aromia bungii,Insects,1/20/2020,Priority,AROMBU,Yes,Yes,No,Yes,No,No,No,No,No,No,No,No,No,No,No,Aromia bungii (Faldermann) / 28.1.2016,0.077,0.0897,0.1047,0.3698,0.4547,0.5459,0.031,0.0405,0.0509,0.0867,0.1202,0.1522,0.5,0.654425,0.5
Arracacha virus B oca strain,Viruses and viroids,1/20/2020,Other quarantine,AVBO00,No,No,No,No,No,Yes,No,No,No,No,No,No,No,No,No,Arracacha virus B oca strain / 29.3.2016,0.0287,0.0445,0.0532,0.5801,0.591,0.6135,0.017,0.0269,0.0322,0.0812,0.1072,0.1355,0.5,0.822425,0.5
Arrhenodes minutus,Insects,1/20/2020,Other quarantine,ARRHMI,No,Yes,No,No,No,No,No,No,No,No,No,No,No,No,No,Arrhenodes minutus  (Drury) / 08.3.2016,0.0527,0.064,0.0727,0.4381,0.4872,0.5453,0.0239,0.0306,0.0367,0.133,0.1543,0.1793,0.2508,0.925425,0.2508
Aschistonyx eppoi,Insects,1/20/2020,Other quarantine,ASCXEP,No,No,Yes,No,No,No,No,No,No,No,No,No,No,No,No,Aschistonyx eppoi Inouye / 04.2.2014,0.0095,0.0133,0.0161,0.2638,0.3094,0.3431,1.00E-04,0.0038,0.0049,0.0139,0.0196,0.0241,0.177375,0.35205,0.1657
Atropellis pinicola,Fungi and fungus-like,1/28/2021,Other quarantine,ATRPPC,No,No,Yes,No,No,No,No,No,No,No,No,No,No,No,No,Atropellis pinicola (Zeller & Goodding) / 02.1.2014,0.0183,0.0283,0.0355,0.4759,0.5257,0.5894,0.0094,0.0145,0.0188,0.2443,0.2912,0.3335,0.430475,0.92705,0.430475
Atropellis piniphila,Fungi and fungus-like,1/28/2021,Other quarantine,ATRPPP,No,No,Yes,No,No,No,No,No,No,No,No,No,No,No,No,Atropellis piniphila (Weir) Lohmann & Cash / 03.1.2014,0.0203,0.036,0.0428,0.4922,0.5589,0.6277,0.0111,0.0191,0.0243,0.2245,0.272,0.3138,0.4253,0.7529,0.4253
Bactericera cockerelli,Insects,1/25/2021,Priority,PARZCO,No,No,No,No,No,Yes,No,No,No,No,Yes,Yes,No,No,No,Bactericera cockerelli (Sulc) 1909 / 10.11.2017,0.0402,0.0508,0.0601,0.5188,0.5933,0.6691,0.0225,0.0294,0.0363,0.362,0.3788,0.3962,0.1765,0.604425,0.1765
Bactrocera cucurbitae,Insects,4/14/2020,Other quarantine,DACUCU,No,No,No,No,No,No,No,No,No,Yes,Yes,No,No,No,No,Bactrocera cucurbitae (Coquillett) / 03.12.2013,0.0489,0.069,0.0852,1.00E-04,1.00E-04,0.1447,1.00E-04,1.00E-04,0.002,0.0038,0.0082,0.0138,0.425025,1.00E-04,1.00E-04
Bactrocera dorsalis,Insects,1/21/2020,Priority,DACUDO,No,No,No,No,No,No,No,No,No,Yes,Yes,Yes,No,No,No,Bactrocera dorsalis (Hendel) / 07.1.2016,0.1884,0.2148,0.2407,0.3247,0.3904,0.4382,0.0624,0.0811,0.0973,0.1066,0.16,0.2067,0.25,0.07085,0.07085
Bactrocera tryoni,Insects,1/21/2020,Other quarantine,DACUTR,No,No,No,Yes,No,No,No,No,No,Yes,Yes,Yes,No,No,No,Bactrocera tryoni (Froggatt) / 21.10.2014,0.0387,0.0448,0.0518,0.2824,0.3517,0.4046,0.0111,0.0152,0.019,0.1026,0.1439,0.1783,0.32475,0.36885,0.293625
Bean golden mosaic virus,Viruses and viroids,1/21/2020,Other quarantine,BGMV00,No,No,No,No,No,No,No,Yes,No,No,No,No,No,No,No,Bean golden mosaic virus / 01.3.2016,0.0118,0.0166,0.0208,1.00E-04,1.00E-04,1.00E-04,1.00E-04,1.00E-04,1.00E-04,0.014,0.0199,0.0241,0.5,1.00E-04,1.00E-04
Beet curly top virus (non-European isolates),Viruses and viroids,1/21/2020,Other quarantine,BCTV00,No,No,No,No,No,Yes,Yes,No,No,No,Yes,No,No,No,No,Beet curly top virus (non-European isolates) / 30.5.2016,0.0187,0.0263,0.0319,0.3068,0.3975,0.4852,1.00E-04,0.0095,0.013,0.0911,0.1318,0.1706,0.25,0.75,0.25
Beet leaf curl virus,Viruses and viroids,1/21/2020,Other non-quarantine,BLCV00,Yes,No,No,No,No,No,Yes,No,No,No,No,No,No,No,No,Beet leaf curl virus / 20.6.2016,0.0117,0.0167,0.0209,0.4493,0.4949,0.5326,0.0057,0.008,0.0102,0.0278,0.0278,0.0278,0.5,0.9999,0.5
Beet necrotic yellow vein virus,Viruses and viroids,1/21/2020,Protected zone,BNYVV0,Yes,No,No,No,No,No,Yes,No,No,No,No,No,No,No,No,Beet necrotic yellow vein virus / 28.5.2014,0.2011,0.221,0.2428,0.6667,0.6667,0.6667,0.1313,0.1468,0.164,0.0447,0.0556,0.0665,0.75,0.9999,0.75
Bemisia tabaci (non-European populations),Insects,3/17/2022,Other quarantine,BEMITA,No,No,No,No,No,No,No,No,No,Yes,Yes,Yes,Yes,Yes,No,Bemisia tabaci (non-european populations),0.9999,0.9999,0.9999,0.7619,0.7619,0.7619,0.7619,0.7619,0.7619,0.2031,0.2212,0.2403,0.25,0.390475,0.25
Blitopertha orientalis,Insects,3/17/2022,Other quarantine,ANMLOR,No,No,No,No,Yes,No,No,No,Yes,No,No,No,No,No,No,Blitopertha orientalis  (Waterhouse) / 26.2.2016,0.1321,0.1514,0.1738,0.281,0.339,0.3818,0.0411,0.0505,0.0611,0.1803,0.2313,0.2818,0.323925,0.752125,0.323925
Blueberry leaf mottle virus,Viruses and viroids,04/06/2020,Other quarantine,BLMOV0,No,No,No,No,Yes,No,No,No,No,No,No,No,No,No,No,Blueberry leaf mottle virus / 13.2.2014,0.0158,0.0201,0.0248,0.5452,0.5944,0.6431,0.0091,0.0118,0.0147,0.0304,0.0471,0.0636,0.5,0.5723,0.5
Blueberry scorch virus,Viruses and viroids,04/06/2020,RNQP,BLSCV0,Yes,No,No,No,Yes,No,No,No,No,No,No,No,No,No,No,Blueberry scorch virus / 12.2.2014,0.1313,0.1781,0.4759,0.5569,0.6076,0.6589,0.0783,0.1099,0.2856,0.0861,0.1038,0.1195,0.5,0.574525,0.5
Botryosphaeria kuwatsukai,Fungi and fungus-like,04/06/2020,Other quarantine,PHYOPI,No,No,No,Yes,No,No,No,No,No,No,No,No,No,No,No,Botryosphaeria kuwatsukai,0.0336,0.0418,0.0491,0.2744,0.3046,0.3387,0.0092,0.0123,0.0153,0.0853,0.1031,0.1193,0.426875,0.391625,0.362875
Bretziella fagacearum,Fungi and fungus-like,04/07/2020,Other quarantine,CERAFA,No,Yes,No,No,No,No,No,No,No,No,No,No,No,No,No,Bretziella fagacearum,0.0527,0.0644,0.0732,0.5213,0.5836,0.633,0.0289,0.0363,0.043,0.4105,0.4334,0.4583,0.323975,0.92695,0.323975
Burkholderia caryophylli,Bacteria and phytoplasmas,04/07/2020,Other non-quarantine,PSDMCA,Yes,No,No,No,No,No,No,No,No,No,No,No,No,Yes,No,Burkholderia caryophylli (Burkholder) Yabuuchi et al. / 18.10.2013,0.1033,0.1148,0.1299,0.1925,0.3064,0.3289,0.0184,0.032,0.0382,0.0138,0.0196,0.024,0.5,0.073425,0.073425
Bursaphelenchus xylophilus,Nematodes,04/07/2020,Priority,BURSXY,Yes,No,Yes,No,No,No,No,No,No,No,No,No,No,No,No,Bursaphelenchus xylophilus (Steiner & Buhrer) Nickle / 28.1.2014,0.1432,0.1625,0.1812,0.5074,0.5578,0.6036,0.0763,0.0893,0.1031,0.1565,0.1683,0.1778,0.5,0.9999,0.5
Cacoecimorpha pronubana,Insects,04/07/2020,Other non-quarantine,TORTPR,Yes,No,No,No,No,No,No,No,No,No,No,No,No,Yes,No,Cacoecimorpha pronubana Hübner / 02.10.2014,0.2337,0.268,0.3187,0.537,0.6139,0.6911,0.136,0.1644,0.2035,0.1414,0.1588,0.1747,0.75,0.5,0.5
Cacyreus marshalli,Insects,04/07/2020,Other non-quarantine,CACYMA,Yes,No,No,No,No,No,No,No,No,No,No,No,No,Yes,No,Cacyreus marshalli Butler / 02.9.2014,0.3537,0.4476,0.5364,1.00E-04,0.4386,0.5222,1.00E-04,0.1755,0.2364,0.1003,0.1114,0.1222,0.5,0.23045,0.23045
Carposina niponensis,Insects,04/07/2020,Other quarantine,CARSNI,No,No,No,Yes,No,No,No,No,No,No,No,No,No,No,No,Carposina sasakii Matsumura / 29.4.2016,0.071,0.0851,0.0941,0.4392,0.4871,0.5454,0.0334,0.0401,0.047,0.1061,0.1289,0.1533,0.324625,0.440175,0.310625
Chaetosiphon fragaefolii,Insects,04/07/2020,RNQP,CHTSFR,Yes,No,No,No,Yes,No,No,No,No,No,No,No,No,No,No,Chaetosiphon fragaefolii (Cockerell) / 24.2.2014,0.7515,0.7985,0.8555,0.2775,0.313,0.3634,0.2211,0.253,0.293,0.1139,0.1309,0.1474,0.75,0.170325,0.170325
Cherry leaf roll virus,Viruses and viroids,04/07/2020,RNQP,CLRV00,Yes,No,No,No,Yes,No,No,No,No,No,No,No,No,No,No,Cherry leaf roll virus (in Rubus) / 08.7.2016,0.0636,0.0725,0.0809,0.619,0.7143,0.7143,0.0424,0.0486,0.0552,0.0721,0.0954,0.1159,0.75,0.9999,0.75
Cherry rasp leaf virus,Viruses and viroids,04/07/2020,Other quarantine,CRLV00,No,No,No,Yes,Yes,No,No,No,No,No,No,No,No,No,No,Cherry rasp leaf virus (American) / 22.2.2016,1.00E-04,0.0263,0.0321,0.4215,0.4771,0.5364,1.00E-04,0.012,0.0153,0.1064,0.1302,0.1535,0.3234,0.5,0.3234
Choristoneura conflictana,Insects,1/29/2021,Other quarantine,ARCHCO,No,Yes,No,No,No,No,No,No,No,No,No,No,No,No,No,Choristoneura conflictana (Walker)  / 29.8.2016,0.0262,0.0427,0.0532,0.6066,0.6581,0.7087,0.0168,0.0267,0.0349,0.1289,0.1518,0.1722,0.247625,0.9999,0.247625
Choristoneura freemani,Insects,1/29/2021,Other quarantine,ARCHOC,No,No,Yes,No,No,No,No,No,No,No,No,No,No,No,No,Choristoneura freemani Razowski  / 26.8.2016,0.0362,0.0647,0.079,0.604,0.6568,0.7068,0.0232,0.0413,0.0517,0.4516,0.4811,0.5104,0.247875,0.9999,0.247875
Choristoneura fumiferana,Insects,1/29/2021,Other quarantine,CHONFU,No,No,Yes,No,No,No,No,No,No,No,No,No,No,No,No,Choristoneura fumiferana  (Clemens) / 22.8.2016,0.042,0.0992,0.1166,0.6564,0.6994,0.7337,0.0302,0.0678,0.0809,0.5052,0.5499,0.5992,0.251775,0.9999,0.251775
Chrysanthemum stem necrosis virus,Viruses and viroids,04/07/2020,Other quarantine,CSNV00,No,No,No,No,No,No,No,No,No,No,Yes,No,No,Yes,No,Chrysanthemum stem necrosis virus / 18.10.2013,0.1691,0.2073,0.2626,0.6667,0.6667,0.6667,0.1162,0.1425,0.1809,0.2044,0.2233,0.2415,0.322525,0.445575,0.309875
Chrysanthemum stunt viroid,Viruses and viroids,04/08/2020,RNQP,CSVD00,Yes,No,No,No,No,Yes,No,No,No,No,Yes,No,No,Yes,No,Chrysanthemum stunt viroid / 15.11.2013,0.3092,0.3584,0.4371,0.7362,0.7824,0.818,0.2372,0.2782,0.3389,0.1056,0.1281,0.1532,0.5,0.25,0.25
Chrysomyxa arctostaphyli,Fungi and fungus-like,04/08/2020,Other quarantine,CHMYAR,No,No,Yes,No,No,No,No,No,No,No,No,No,No,No,No,Chrysomyxa arctostaphyli Dietel  / 12.4.2016,0.0268,0.047,0.0577,0.4178,0.4619,0.4992,0.0108,0.0209,0.0264,0.2421,0.2587,0.2752,0.320875,0.824725,0.320875
Circulifer tenellus,Insects,04/08/2020,Other non-quarantine,CIRCTE,Yes,No,No,No,No,No,Yes,No,No,No,No,No,No,No,No,Circulifer tenellus (Baker)  / 15.7.2016,0.2243,0.2619,0.3042,0.4099,0.4745,0.552,0.0995,0.1238,0.1531,0.0594,0.0638,0.0697,0.574075,0.9999,0.574075
Clavibacter michiganensis subsp. Insidiosus,Bacteria and phytoplasmas,04/08/2020,RNQP,CORBIN,Yes,No,No,No,No,No,No,No,Yes,No,No,No,No,No,No,Clavibacter michiganensis subsp. insidiosus (McCulloch) Davis et al. / 7.6.2013 (tarkistus 30.7),0.1739,0.2062,0.2523,0.5593,0.6038,0.6375,0.1034,0.1226,0.1503,0.0315,0.0358,0.0415,0.5,0.75375,0.5
Clavibacter michiganensis subsp. Michiganensis,Bacteria and phytoplasmas,04/09/2020,RNQP,CORBMI,Yes,No,No,No,No,No,No,No,No,No,Yes,No,No,No,No,Clavibacter michiganensis subsp. michiganensis (Smith) Davis et al. / 17.10.2014,0.3288,0.5517,0.6266,0.5581,0.6344,0.7148,0.2044,0.3013,0.3985,0.2512,0.2683,0.287,0.75,0.5,0.5
Coniferiporia sulphurascens,Fungi and fungus-like,02/01/2021,Other quarantine,PHELSU,No,No,Yes,No,No,No,No,No,No,No,No,No,No,No,No,Coniferiporia sulphurascens,0.0191,0.0357,0.044,0.5324,0.544,0.567,0.0106,0.0197,0.0242,0.4951,0.5342,0.5767,0.5,0.9999,0.5
Coniferiporia weirii,Fungi and fungus-like,02/01/2021,Other quarantine,INONWE,No,No,Yes,No,No,No,No,No,No,No,No,No,No,No,No,Coniferiporia weirii,0.037,0.0495,0.0524,0.5801,0.5917,0.6676,0.0258,0.0297,0.0317,0.0796,0.1022,0.1253,0.5,0.7468,0.5
Conoderus posticus,Insects,2/22/2022,Other non-quarantine,n/a,Yes,No,No,No,No,No,No,No,No,No,No,No,No,No,Yes,Conoderus posticus,0.6803,0.6852,0.6903,1.00E-04,1.00E-04,1.00E-04,1.00E-04,1.00E-04,1.00E-04,1.00E-04,1.00E-04,1.00E-04,0.5,0.75,0.5
Conotrachelus nenuphar,Insects,1/26/2021,Priority,CONHNE,No,No,No,Yes,Yes,No,No,No,No,No,No,No,No,No,No,Conotrachelus nenuphar (Herbst) / 18.2.2016,0.0261,0.0367,0.0425,0.312,0.3462,0.377,0.0071,0.0123,0.0147,0.124,0.1475,0.1713,0.0722,0.6453,0.0722
Cowpea mild mottle 'carlavirus',Viruses and viroids,1/26/2021,Other quarantine,CPMMV0,No,No,No,No,No,No,No,No,No,No,Yes,No,No,No,No,Cowpea mild mottle 'carlavirus' / 20.10.2014,0.0046,0.0123,0.0165,0.5142,0.549,0.592,0.0024,0.0068,0.0091,0.0238,0.0436,0.0667,0.428175,0.25,0.25
Cronartium comptoniae,Fungi and fungus-like,1/28/2021,Other quarantine,CRONCP,No,No,Yes,No,No,No,No,No,No,No,No,No,No,No,No,Cronartium comptoniae J.C. Arthur / 20.3.2014,0.0098,0.0567,0.0681,0.4468,0.4931,0.5295,0.0052,0.0269,0.0332,0.2878,0.3134,0.3405,0.5,0.9999,0.5
Cronartium harknessii,Fungi and fungus-like,1/28/2021,Other quarantine,ENDCHA,No,No,Yes,No,No,No,No,No,No,No,No,No,No,No,No,Cronartium harknessii,0.0372,0.0656,0.0787,0.6852,0.7301,0.7639,0.0243,0.0469,0.0566,0.6813,0.6999,0.7216,0.5,0.9999,0.5
Cronartium quercuum,Fungi and fungus-like,1/28/2021,Other quarantine,CRONQU,No,Yes,No,No,No,No,No,No,No,No,No,No,No,No,No,Cronartium quercuum  (Berkeley) Miyabe  / 18.8.2016,0.0195,0.0597,0.0719,0.4793,0.5265,0.569,0.011,0.0305,0.0377,0.2461,0.2794,0.3095,0.5,0.9999,0.5
Cryphonectria parasitica,Fungi and fungus-like,04/09/2020,RNQP,ENDOPA,Yes,Yes,No,No,No,No,No,No,No,No,No,No,No,No,No,Cryphonectria parasitica (Murrill) Barr  / 25.10.2016,0.1923,0.235,0.2889,0.6074,0.6527,0.6903,0.1229,0.1514,0.1869,0.0514,0.0708,0.095,0.75,0.850825,0.75
Cucumber green mottle mosaic virus,Viruses and viroids,04/09/2020,Other non-quarantine,CGMMV0,Yes,No,No,No,No,No,No,Yes,No,Yes,No,No,No,No,No,Cucumber green mottle mosaic virus / 19.12.2013,0.8916,0.9365,0.9705,0.8245,0.844,0.8552,0.7298,0.7844,0.8261,0.2795,0.2969,0.3136,0.5751,0.75,0.5751
Cucumber vein yellowing virus,Viruses and viroids,04/09/2020,Other non-quarantine,CVYV00,Yes,No,No,No,No,No,No,Yes,No,Yes,No,No,No,No,No,Cucumber vein yellowing virus / 06.2.2014,0.0098,0.0174,0.026,0.343,0.4197,0.494,0.0036,0.007,0.0106,0.2111,0.2221,0.2336,0.5,1.00E-04,1.00E-04
Curtobacterium flaccumfaciens pv.  flaccumfaciens,Bacteria and phytoplasmas,12/16/2020,Other quarantine,CORBFL,Yes,No,No,No,No,No,No,Yes,No,No,No,No,No,No,No,Curtobacterium flaccumfaciens pv.  flaccumfaciens (Hedges) Collins and Jones,0.2213,0.378,0.4142,0.522,0.5966,0.6628,0.1445,0.2131,0.2515,0.0442,0.0541,0.0655,0.322575,0.748125,0.322575
Dacus ciliatus,Insects,4/14/2020,Other quarantine,DACUCI,No,No,No,No,No,No,No,Yes,No,Yes,No,No,No,No,No,Dacus ciliatus Loew / 27.9.2013,0.0423,0.0601,0.0736,1.00E-04,1.00E-04,0.1331,1.00E-04,1.00E-04,0.0011,0.0037,0.0079,0.0137,0.25,1.00E-04,1.00E-04
Davidsoniella virescens,Fungi and fungus-like,04/07/2020,Other quarantine,CERAVI,No,Yes,No,No,No,No,No,No,No,No,No,No,No,No,No,Davidsoniella virescens,0.0158,0.0228,0.027,0.4963,0.5414,0.5781,0.0084,0.012,0.0146,0.0139,0.0194,0.0239,0.320975,0.750625,0.320975
Dendroctonus rufipennis,Insects,1/29/2021,Other quarantine,DENCRU,No,No,Yes,No,No,No,No,No,No,No,No,No,No,No,No,Dendroctonus rufipennis  (Kirby) / 13.9.2016,0.0569,0.094,0.112,0.5716,0.6206,0.6567,0.0351,0.0566,0.0693,0.5715,0.6459,0.7109,0.427725,0.9999,0.427725
Dendroctonus valens,Insects,1/29/2021,Other quarantine,DENCVA,No,No,Yes,No,No,No,No,No,No,No,No,No,No,No,No,Dendroctonus valens (Leconte)  / 01.9.2016,0.059,0.0942,0.1117,0.5054,0.5755,0.6523,0.0339,0.0513,0.0653,0.5888,0.6604,0.7256,0.425925,0.9999,0.425925
Dendrolimus sibiricus,Insects,4/14/2020,Priority,DENDSI,No,No,Yes,No,No,No,No,No,No,No,No,No,No,No,No,Dendrolimus sibiricus Tschetverikov  / 20.3.2014,0.0773,0.1243,0.1497,0.4725,0.5464,0.6227,0.0417,0.0633,0.082,0.3276,0.39,0.452,0.17865,0.9999,0.17865
Diabrotica barberi,Insects,4/14/2020,Other quarantine,DIABLO,No,No,No,No,No,No,No,No,Yes,No,No,No,No,No,No,Diabrotica barberi Smith & Lawrence  / 08.3.2016,0.036,0.0537,0.0767,0.2338,0.3396,0.3586,0.0019,0.014,0.0228,0.0361,0.0483,0.0572,0.324075,0.169625,0.169625
Diabrotica undecimpunctata howardi,Insects,4/14/2020,Other quarantine,DIABUH,No,No,No,No,No,No,No,Yes,Yes,Yes,No,No,No,No,No,Diabrotica undecimpunctata howardi Barber / 07.3.2016,0.0456,0.078,0.1201,0.4147,0.4684,0.5237,0.0208,0.0358,0.0555,0.142,0.1704,0.1953,0.322325,0.38795,0.298525
Diabrotica undecimpunctata undecimpunctata,Insects,4/14/2020,Other quarantine,DIABUN,No,No,No,No,No,No,No,Yes,Yes,Yes,No,No,No,No,No,Diabrotica undecimpunctata undecimpunctata Mannerheim / 07.3.2016,0.0229,0.0392,0.0598,0.2609,0.3396,0.4094,0.0042,0.0115,0.0197,0.142,0.1706,0.1958,0.324275,0.386025,0.30005
Diabrotica virgifera virgifera,Insects,4/14/2020,Other non-quarantine,DIABVI,Yes,No,No,No,No,No,No,No,Yes,No,No,No,No,No,No,Diabrotica virgifera virgifera Le Conte. / 12.6.2013 (tarkistettu 30.7),0.06,0.0852,0.1073,0.3001,0.4031,0.4239,0.0055,0.0274,0.0396,0.0037,0.0081,0.0143,0.75,0.1693,0.1693
Diabrotica virgifera zeae,Insects,4/14/2020,Other quarantine,DIABVZ,No,No,No,No,No,No,No,No,Yes,No,No,No,No,No,No,Diabrotica virgifera zeae Krysan & Smith  / 07.3.2016,0.0182,0.0268,0.0379,1.00E-04,1.00E-04,1.00E-04,1.00E-04,1.00E-04,1.00E-04,0.0035,0.0081,0.0139,0.322975,0.1659,0.1659
Diaporthe vaccinii,Fungi and fungus-like,4/14/2020,RNQP,DIAPVA,Yes,No,No,No,Yes,No,No,No,No,No,No,No,No,No,No,Diaporthe vaccinii Shear / 13.6.2013,0.1203,0.134,0.3831,0.4476,0.4961,0.5316,0.0576,0.0677,0.1553,0.116,0.1386,0.1606,0.5,0.65445,0.5
Diplocarpon mali,Fungi and fungus-like,4/15/2020,Other non-quarantine,DIPCML,Yes,No,No,Yes,No,No,No,No,No,No,No,No,No,No,No,Diplocarpon mali Y. Harada & Sawamura / 05.5.2014,0.1283,0.1577,0.1812,0.5337,0.5817,0.6415,0.0733,0.0901,0.1071,0.0441,0.0538,0.066,0.5,0.75225,0.5
Ditylenchus destructor,Nematodes,4/15/2020,RNQP,DITYDE,Yes,No,No,No,No,Yes,Yes,Yes,Yes,No,No,No,No,No,No,Ditylenchus destructor Thorne  / 01.7.2016,0.3828,0.4317,0.4861,0.6668,0.6757,0.6868,0.249,0.2846,0.3219,0.2057,0.2404,0.2761,0.75,0.9264,0.75
Draeculacephala minerva,Insects,4/15/2020,Other quarantine,DRAEMI,No,No,No,No,Yes,No,No,No,No,No,No,No,No,No,No,Draeculacephala minerva Ball  / 14.3.2016,0.011,0.0182,0.0235,1.00E-04,1.00E-04,1.00E-04,1.00E-04,1.00E-04,1.00E-04,0.0556,0.0556,0.0556,0.324525,0.9999,0.324525
Drosophila suzukii,Insects,02/01/2021,Other non-quarantine,DROSSU,Yes,No,No,Yes,Yes,No,No,No,No,No,No,No,No,No,No,Drosophila suzukii (Matsumura) / 25.2.2014,0.9036,0.9402,0.9684,0.6535,0.6882,0.7358,0.5999,0.6441,0.6911,0.3672,0.3969,0.4273,0.75,0.9999,0.75
Eotetranychus lewisi,Mites,4/16/2020,Other quarantine,EOTELE,Yes,No,No,No,No,No,No,No,No,No,No,No,No,Yes,No,Eotetranychus lewisi (McGregor). / 06.11.2013,0.3464,0.3911,0.4254,0.4144,0.4865,0.5624,0.1299,0.1765,0.2183,0.0442,0.0556,0.0666,0.5,0.25,0.25
Epitrix cucumeris,Insects,4/16/2020,Emergency measures,EPIXCU,Yes,No,No,No,No,Yes,No,No,No,No,No,No,No,No,No,"Epitrix cucumeris (Harris, 1851) / 18.10.2013",0.1618,0.1796,0.202,0.4436,0.5158,0.5921,0.0783,0.093,0.1095,0.2824,0.2962,0.3093,0.5,0.822925,0.5
Epitrix papa,Insects,4/16/2020,Emergency measures,EPIXPP,Yes,No,No,No,No,Yes,No,No,No,No,No,No,No,No,No,Epitrix papa Orlova-Bienkowskaja  / 14.4.2016,0.1042,0.1199,0.1381,0.4412,0.5134,0.5892,0.0504,0.0609,0.0744,0.2818,0.3054,0.3284,0.5,0.823,0.5
Epitrix subcrinita,Insects,4/16/2020,Emergency measures,EPIXSU,No,No,No,No,No,Yes,No,No,No,No,No,No,No,No,No,Epitrix subcrinita (Leconte)  / 08.2.2016,0.0579,0.0961,0.1141,0.442,0.5154,0.5912,0.0241,0.0469,0.0591,0.2459,0.2692,0.2918,0.425025,0.823925,0.425025
Epitrix tuberis,Insects,4/16/2020,Emergency measures,EPIXTU,No,No,No,No,No,Yes,No,No,No,No,No,No,No,No,No,Epitrix tuberis Gentner / 18.10.2013,0.0313,0.0618,0.0754,0.4437,0.5171,0.5935,0.0148,0.0304,0.0398,0.2821,0.3055,0.3285,0.427525,0.82205,0.427525
Epochra canadensis,Insects,4/16/2020,Other quarantine,EPOCCA,No,No,No,No,Yes,No,No,No,No,No,No,No,No,No,No,Epochra canadensis,1.00E-04,0.0263,0.0321,0.5094,0.5588,0.5946,1.00E-04,0.0142,0.0177,0.0506,0.0632,0.0774,0.3211,0.749625,0.3211
Erwinia amylovora,Bacteria and phytoplasmas,4/16/2020,Protected zone,ERWIAM,Yes,Yes,No,Yes,No,No,No,No,No,No,No,No,No,No,No,Erwinia amylovora (Burrill) Winslow et al. / 03.1.2014,0.868,0.9243,0.9646,0.5517,0.5629,0.5714,0.4891,0.525,0.5536,0.2401,0.2658,0.295,0.75,0.74795,0.74795
Euphorbia mosaic virus,Viruses and viroids,4/16/2020,Other quarantine,EUMV00,No,No,No,No,No,No,No,Yes,No,No,No,No,No,No,No,Euphorbia mosaic virus / 23.10.2013,0.0033,0.0074,0.0124,1.00E-04,1.00E-04,1.00E-04,1.00E-04,1.00E-04,1.00E-04,1.00E-04,1.00E-04,1.00E-04,0.5,1.00E-04,1.00E-04
Eutetranychus orientalis,Mites,4/17/2020,Other non-quarantine,EUTEOR,Yes,No,No,No,No,No,No,No,No,No,No,No,No,Yes,No,Eutetranychus orientalis (Klein) / 20.7.2016,0.2733,0.3015,0.3745,0.3157,0.395,0.4589,0.0915,0.1201,0.1498,0.0136,0.0196,0.024,0.5,0.21745,0.21745
Fusarium oxysporum f.sp. Lactucae,Fungi and fungus-like,4/17/2020,Other non-quarantine,FUSALC,Yes,No,No,No,No,No,No,Yes,No,No,No,No,Yes,No,No,Fusarium oxysporum f.sp. lactucae. / 01.10.2013,0.5222,0.6231,0.7242,0.7156,0.7755,0.8225,0.3936,0.4745,0.5597,0.1274,0.1617,0.2022,0.5,0.822225,0.5
Gibberella circinata,Fungi and fungus-like,4/17/2020,Other quarantine,GIBBCI,Yes,No,Yes,No,No,No,No,No,No,No,No,No,No,No,No,"Gibberella circinata Nirenberg and O""Donnell 1998 / 10.2.2014",0.207,0.218,0.2307,0.0996,0.1472,0.1805,0.0204,0.0322,0.0392,0.0934,0.1345,0.1835,0.5,0.649725,0.5
Grapevine flavescence doree phytoplasma,Bacteria and phytoplasmas,1/27/2021,Other quarantine,PHYP64,Yes,No,No,No,No,Yes,No,No,No,No,No,No,No,No,No,Grapevine flavescence dorée phytoplasma  / 17.6.2016,0.0531,0.0629,0.0747,1.00E-04,1.00E-04,0.1806,1.00E-04,1.00E-04,0.0078,1.00E-04,1.00E-04,1.00E-04,0.75,0.168025,0.168025
Graphocephala atropunctata,Insects,4/17/2020,Other quarantine,GRCPAT,No,No,No,No,Yes,No,No,No,No,No,No,No,No,No,No,Graphocephala atropunctata (Signoret) / 14.3.2016,0.0169,0.0297,0.0368,1.00E-04,0.137,0.1864,1.00E-04,0.003,0.0054,0.0556,0.0556,0.0556,0.3241,0.9999,0.3241
Grapholita inopinata,Insects,4/30/2020,Other quarantine,CYDIIN,No,No,No,Yes,No,No,No,No,No,No,No,No,No,No,No,Grapholita inopinata,0.0614,0.0739,0.0844,0.3786,0.4553,0.5332,0.0252,0.0321,0.0401,0.1224,0.1478,0.1726,0.32405,0.442875,0.3097
Grapholita packardi,Insects,4/30/2020,Other quarantine,LASPPA,No,No,No,Yes,No,No,No,No,No,No,No,No,No,No,No,Grapholita packardi,0.1002,0.1084,0.1163,0.4734,0.5222,0.5696,0.0495,0.056,0.0632,0.0826,0.1088,0.1359,0.322975,0.849475,0.322975
Grapholita prunivora,Insects,4/30/2020,Other quarantine,LASPPR,No,Yes,No,Yes,No,No,No,No,No,No,No,No,No,No,No,Grapholita prunivora,0.0712,0.0851,0.0941,0.5924,0.6443,0.6943,0.0445,0.053,0.061,0.0688,0.0901,0.115,0.179275,0.440025,0.179275
Guignardia laricina,Fungi and fungus-like,11/13/2020,Other quarantine,GUIGLA,No,No,Yes,No,No,No,No,No,No,No,No,No,No,No,No,Guignardia laricina,0.01,0.0306,0.0364,0.1345,0.2422,0.2634,1.00E-04,0.0053,0.0083,0.02,0.0361,0.053,0.17555,0.2158,0.15305
Gymnosporangium spp. (non-European),Fungi and fungus-like,4/17/2020,Other quarantine,1GYMNG,No,No,No,Yes,No,No,No,No,No,No,No,No,No,No,No,Gymnosporangium spp. (non-European) / 15.8.2016,0.0542,0.0572,0.0612,0.4477,0.495,0.531,0.0254,0.0283,0.0315,0.0427,0.0607,0.0844,0.322625,0.9999,0.322625
Helicoverpa armigera,Insects,4/17/2020,Other non-quarantine,HELIAR,Yes,No,No,No,No,No,No,No,No,No,Yes,Yes,No,Yes,No,"Helicoverpa armigera (Hübner, 1808) / 13.11.2013",0.8731,0.8957,0.9251,0.4385,0.5064,0.5835,0.3946,0.4552,0.5255,0.0478,0.0638,0.081,0.9999,0.25,0.25
Heliothis zea,Insects,4/22/2020,Other quarantine,HELIZE,No,No,No,No,Yes,No,No,No,No,No,Yes,Yes,No,No,No,Heliothis zea (Boddie) / 21.10.2014,0.2235,0.2496,0.2737,0.3492,0.4077,0.4841,0.0836,0.1013,0.1225,0.0473,0.063,0.0805,0.320975,0.5,0.320975
Hirschmanniella spp.,Nematodes,4/20/2020,Other quarantine,1HIRSG,Yes,No,No,No,No,No,No,No,Yes,No,No,No,No,No,No,Hirschmanniella spp. Luc & Goodey  / 22.3.2016,0.1259,0.1442,0.161,0.2394,0.3244,0.4147,0.0329,0.0452,0.0601,0.0248,0.0422,0.0654,0.44535,0.9999,0.44535
Homalodisca vitripennis,Insects,12/30/2020,Other quarantine,HOMLTR,No,No,No,No,No,No,No,No,No,No,No,No,No,No,Yes,Homalodisca vitripennis,0.1773,0.2066,0.2433,1.00E-04,1.00E-04,1.00E-04,1.00E-04,1.00E-04,1.00E-04,0.0592,0.0635,0.0692,0.175175,0.168225,0.12445
Hydrangea ringspot virus,Viruses and viroids,4/20/2020,Other non-quarantine,HDRSV0,Yes,No,No,No,No,No,No,No,No,No,No,No,No,Yes,No,Hydrangea ringspot virus,0.7616,0.8064,0.8618,0.6667,0.6667,0.6667,0.4971,0.5373,0.5869,0.0278,0.0278,0.0278,0.6775,0.38635,0.38635
Impatiens necrotic spot virus,Viruses and viroids,4/20/2020,RNQP,INSV00,Yes,No,No,No,No,No,No,No,No,No,No,Yes,No,Yes,No,Impatiens necrotic spot virus / 22.10.2013,0.7283,0.7332,0.7374,0.6667,0.6667,0.6667,0.4867,0.4907,0.4938,0.1396,0.1634,0.1914,0.75,0.48045,0.48045
Ips hauseri,Insects,1/29/2021,Other quarantine,IPSXHA,No,No,Yes,No,No,No,No,No,No,No,No,No,No,No,No,Ips hauseri Reitter / 15.9.2016,0.0793,0.0934,0.1091,0.4629,0.5095,0.547,0.0388,0.047,0.0561,0.5144,0.5602,0.6105,0.322875,0.9999,0.322875
Ips subelongatus,Insects,5/18/2020,Other non-quarantine,IPSXFA,Yes,No,Yes,No,No,No,No,No,No,No,No,No,No,No,No,Ips subelongatus,0.0616,0.0771,0.0943,0.5075,0.5585,0.6059,0.0332,0.0426,0.0531,0.183,0.2124,0.2416,0.5,0.824525,0.5
Keiferia lycopersicella,Insects,12/31/2020,Other quarantine,GNORLY,No,No,No,No,No,No,No,No,No,No,Yes,No,No,No,No,Keiferia lycopersicella Walsingham / 24.1.2014,0.0807,0.0899,0.1002,0.4535,0.5015,0.5365,0.0382,0.0442,0.0505,0.2052,0.2358,0.2607,0.3213,0.1484,0.1484
Lecanosticta acicola,Fungi and fungus-like,4/22/2020,RNQP,SCIRAC,Yes,No,Yes,No,No,No,No,No,No,No,No,No,No,No,No,Lecanosticta acicola,0.6058,0.6588,0.6994,0.5901,0.6366,0.6754,0.3694,0.4129,0.4522,0.1789,0.2022,0.227,0.85435,0.9999,0.85435
Leptinotarsa decemlineata,Insects,4/21/2020,Protected zone,LPTNDE,Yes,No,No,No,No,Yes,No,No,No,No,No,No,No,No,No,Leptinotarsa decemlineata Say / 17.10.2013,0.9999,0.9999,0.9999,0.6712,0.7057,0.7516,0.6712,0.7057,0.7516,0.1856,0.2041,0.2207,0.9999,0.9999,0.9999
Lettuce infectious yellows 'closterovirus',Viruses and viroids,4/21/2020,Other quarantine,LIYV00,No,No,No,No,No,No,No,No,No,No,No,No,Yes,No,No,Lettuce infectious yellows 'closterovirus' / 20.10.2014,0.0058,0.0078,0.01,0.2711,0.3576,0.4513,0.0015,0.0026,0.0037,0.1386,0.1548,0.1737,0.5,0.22725,0.22725
Liriomyza huidobrensis,Insects,4/21/2020,Other non-quarantine,LIRIHU,Yes,No,No,No,No,No,No,No,No,Yes,Yes,Yes,Yes,Yes,No,Liriomyza huidobrensis (Blanchard) / 05.12.2013,0.9999,0.9999,0.9999,0.7424,0.7537,0.8164,0.7424,0.7537,0.8164,0.1996,0.2229,0.2457,0.75,0.393575,0.393575
Liriomyza sativae,Insects,4/21/2020,Other quarantine,LIRISA,No,No,No,No,No,No,No,No,No,Yes,Yes,Yes,Yes,Yes,No,Liriomyza sativae Blanchard / 10.12.2013,0.578,0.621,0.6683,0.7229,0.7346,0.7601,0.4296,0.4663,0.5074,0.2,0.2222,0.245,0.25,0.3889,0.25
Liriomyza trifolii,Insects,4/21/2020,Other non-quarantine,LIRITR,Yes,No,No,No,No,No,No,No,No,Yes,Yes,Yes,Yes,Yes,No,Liriomyza trifolii (Burgess) / 05.12.2013,0.9999,0.9999,0.9999,0.7413,0.7529,0.8141,0.7413,0.7529,0.8141,0.2186,0.2417,0.2645,0.75,0.391525,0.391525
Listronotus bonariensis,Insects,4/21/2020,Other quarantine,HYROBO,No,No,No,No,No,No,No,No,Yes,No,No,No,No,No,No,Listronotus bonariensis (Kuschel) / 19.8.2013,0.1263,0.1438,0.1658,0.1916,0.2163,0.2454,0.0264,0.0314,0.0375,0.0394,0.0817,0.1362,0.176225,0.342025,0.16045
Little cherry virus 1,Viruses and viroids,4/21/2020,RNQP,LCHV10,Yes,No,No,No,Yes,No,No,No,No,No,No,No,No,No,No,Little cherry virus 1,0.1104,0.1261,0.1382,0.2991,0.3695,0.4496,0.0352,0.0449,0.0561,0.0139,0.0197,0.0242,0.4294,0.852625,0.4294
Little cherry virus 2,Viruses and viroids,4/21/2020,RNQP,LCHV20,Yes,No,No,No,Yes,No,No,No,No,No,No,No,No,No,No,Little cherry virus 2,0.0687,0.0801,0.0946,0.2987,0.3732,0.4513,0.0227,0.0298,0.0378,0.0139,0.0198,0.0241,0.42585,0.854175,0.42585
Locusta migratoria,Insects,4/21/2020,Other non-quarantine,LOCUMA,Yes,No,No,No,No,No,No,No,Yes,No,No,No,No,No,No,Locusta migratoria,0.9999,0.9999,0.9999,1.00E-04,1.00E-04,1.00E-04,1.00E-04,1.00E-04,1.00E-04,0.0141,0.0197,0.0241,0.9999,0.07165,0.07165
Longidorus diadecturus,Nematodes,4/21/2020,Other quarantine,LONGDI,No,Yes,No,Yes,Yes,No,No,Yes,No,Yes,No,No,No,No,No,Longidorus diadecturus Eveleigh & Allen  / 16.3.2016,0.0637,0.0812,0.1015,0.3836,0.4387,0.4964,0.0276,0.0357,0.0455,0.0556,0.0556,0.0556,0.323925,0.9262,0.323925
Lopholeucaspis japonica,Insects,4/21/2020,Other quarantine,LOPLJA,Yes,Yes,No,Yes,No,No,No,No,No,No,No,No,No,No,No,Lopholeucaspis japonica (Cockerell)  / 03.6.2016,0.1018,0.1171,0.1333,0.2776,0.3483,0.4214,0.0312,0.0398,0.05,0.0899,0.1139,0.1344,0.447775,0.823375,0.447775
Margarodes prieskaensis,Insects,4/22/2020,Other quarantine,MARGPR,No,No,No,No,Yes,No,No,No,No,No,No,No,No,No,No,Margarodes prieskaensis  (Jakubski)  / 09.6.2016,0.0204,0.028,0.034,1.00E-04,0.2112,0.2335,1.00E-04,0.0051,0.0073,0.0141,0.0198,0.0242,0.322875,0.704175,0.313575
Margarodes vitis,Insects,4/22/2020,Other quarantine,MARGVI,No,No,No,No,Yes,No,No,No,No,No,No,No,No,No,No,Margarodes vitis  (Philippi)  / 09.6.2016,0.0572,0.0669,0.0773,1.00E-04,0.2345,0.2758,1.00E-04,0.0152,0.0193,0.014,0.0197,0.0241,0.32345,0.707375,0.317675
Margarodes vredendalensis,Insects,4/22/2020,Other quarantine,MARGVR,No,No,No,No,Yes,No,No,No,No,No,No,No,No,No,No,Margarodes vredendalensis de Klerk  / 09.6.2016,0.0208,0.0278,0.0337,0.1837,0.2122,0.233,0.001,0.0054,0.0073,0.0142,0.0197,0.0242,0.323225,0.705475,0.314025
Melampsora farlowii,Fungi and fungus-like,4/22/2020,Other quarantine,MELMFA,No,No,Yes,No,No,No,No,No,No,No,No,No,No,No,No,Melampsora farlowii (J.C. Arthur) J.J. Davis / 02.12.2013,1.00E-04,0.013,0.016,0.5552,0.6038,0.6641,1.00E-04,0.0077,0.0096,0.0138,0.0197,0.0241,0.322575,0.15265,0.15265
Melampsora medusae f. sp. tremuloidis,Fungi and fungus-like,3/17/2022,Other quarantine,MELMMT,No,Yes,Yes,No,No,No,No,No,No,No,No,No,No,No,No,Melampsora medusae f. sp. tremuloidis,0.0309,0.0939,0.1113,0.6384,0.6907,0.7391,0.0217,0.0627,0.0766,0.1256,0.1481,0.1707,0.392325,0.822925,0.392325
Meloidogyne chitwoodi,Nematodes,2/22/2022,Other quarantine,MELGCH,Yes,No,No,No,No,Yes,Yes,Yes,Yes,No,No,No,No,No,No,"Meloidogyne chitwoodi Golden, O'Bannon, Santo & Finley / 25.4.2016",0.5123,0.5396,0.5718,0.4282,0.5052,0.5832,0.2292,0.2722,0.3185,0.3013,0.3261,0.3474,0.5,0.822625,0.5
Meloidogyne fallax,Nematodes,2/22/2022,Other quarantine,MELGFA,Yes,No,No,No,No,Yes,Yes,Yes,Yes,No,No,No,No,No,No,Meloidogyne fallax  Karssen  / 21.4.2016,0.3716,0.4147,0.4639,0.2459,0.2776,0.3263,0.098,0.1168,0.1383,0.2128,0.2318,0.2493,0.5728,0.823325,0.5728
Monilinia fructicola,Fungi and fungus-like,4/22/2020,Other non-quarantine,MONIFC,Yes,No,No,Yes,No,No,No,No,No,No,No,No,No,No,No,Monilinia fructicola (Winter) Honey / 13.8.2013,0.5849,0.6383,0.6849,0.776,0.7961,0.8073,0.456,0.5037,0.55,0.0646,0.0823,0.1012,0.75,0.824325,0.75
Monochamus spp.,Insects,4/22/2020,Other quarantine,1MONCG,No,No,Yes,No,No,No,No,No,No,No,No,No,No,No,No,Monochamus spp. (non-European populations),0.3398,0.3899,0.44,0.5253,0.5848,0.6348,0.1893,0.2243,0.2607,0.1944,0.1944,0.1944,0.42785,0.9999,0.42785
Mycodiella laricis-leptolepidis,Fungi and fungus-like,4/23/2020,Other quarantine,MYCOLL,No,No,Yes,No,No,No,No,No,No,No,No,No,No,No,No,Mycodiella laricis-leptolepidis,0.0078,0.0191,0.0237,0.3163,0.3581,0.4115,0.0028,0.0066,0.0087,0.0138,0.0195,0.024,0.32215,0.291325,0.2674
Nacobbus aberrans,Nematodes,4/23/2020,Other quarantine,NACOBA,No,No,No,No,No,Yes,Yes,Yes,No,No,No,No,No,No,No,Nacobbus aberrans (Thorne) Thorne & Allen (sensu lato) / 16.10.2017,0.0871,0.1165,0.1334,0.3933,0.4837,0.5708,0.0275,0.0513,0.067,0.3023,0.3261,0.3475,0.323025,0.9999,0.323025
Naupactus leucoloma,Insects,4/23/2020,Other quarantine,GRAGLE,Yes,No,No,No,Yes,Yes,No,Yes,Yes,No,No,No,No,No,No,Naupactus leucoloma Boheman / 15.3.2016,0.2116,0.2353,0.2549,0.1388,0.2024,0.2265,0.0269,0.0454,0.0552,0.0139,0.0196,0.024,0.5,0.6785,0.5
Neoleucinodes elegantalis,Insects,12/31/2020,Other quarantine,NEOLEL,No,No,No,No,No,No,No,No,No,No,Yes,Yes,No,No,No,Neoleucinodes elegantalis,0.0805,0.0902,0.1003,0.2573,0.3254,0.387,0.0212,0.0288,0.0353,0.1763,0.2054,0.2312,0.322825,0.15005,0.15005
Neonectria neomacrospora,Fungi and fungus-like,4/23/2020,Other non-quarantine,NECTMA,Yes,Yes,No,No,No,No,No,No,No,No,No,No,No,No,No,Neonectria neomacrospora (Booth & Samuels) Mantiri & Samuels,0.7685,0.8664,0.8952,0.6415,0.6617,0.7476,0.4994,0.5722,0.6271,0.1211,0.1379,0.156,0.5,0.675075,0.5
Non-European isolates of potato leafroll virus,Viruses and viroids,1/19/2021,Other quarantine,PLRV00,No,No,No,No,No,Yes,No,No,No,No,No,No,No,No,No,Non-European isolates of potato leafroll virus,0.115,0.1608,0.1855,0.5508,0.5628,0.5713,0.0644,0.0919,0.1067,0.1025,0.1319,0.1567,0.5,0.75,0.5
Non-European isolates of potato virus A,Viruses and viroids,1/19/2021,Other quarantine,PVA000,No,No,No,No,No,Yes,No,No,No,No,No,No,No,No,No,Non-European isolates of potato virus A,0.0635,0.1016,0.1223,0.5873,0.6697,0.6851,0.0408,0.0645,0.0787,0.1414,0.1935,0.2466,0.5,0.75,0.5
Non-European isolates of potato virus M,Viruses and viroids,1/19/2021,Other quarantine,PVM000,No,No,No,No,No,Yes,No,No,No,No,No,No,No,No,No,Non-European isolates of potato virus M,0.0256,0.1017,0.1223,0.5877,0.6702,0.6857,0.0172,0.0647,0.079,0.1446,0.1955,0.2467,0.5,0.75,0.5
Non-European isolates of potato virus S,Viruses and viroids,1/19/2021,Other quarantine,PVS000,No,No,No,No,No,Yes,No,No,No,No,No,No,No,No,No,Non-European isolates of potato virus S,0.027,0.1157,0.1387,0.5877,0.67,0.6853,0.019,0.074,0.09,0.1407,0.1945,0.2451,0.5,0.75,0.5
Non-European isolates of potato virus V,Viruses and viroids,1/19/2021,Other quarantine,PVV000,No,No,No,No,No,Yes,No,No,No,No,No,No,No,No,No,Non-European isolates of potato virus V,0.0363,0.057,0.0697,0.5869,0.6695,0.6851,0.0227,0.0364,0.0452,0.1409,0.1948,0.2455,0.35385,0.75,0.35385
Non-European isolates of potato virus X,Viruses and viroids,1/19/2021,Other quarantine,PVX000,No,No,No,No,No,Yes,No,No,No,No,No,No,No,No,No,Non-European isolates of potato virus X,0.0767,0.1174,0.1406,0.6076,0.6834,0.7045,0.0481,0.0771,0.0929,0.1417,0.1955,0.249,0.5,0.75,0.5
Non-European isolates of potato virus Y,Viruses and viroids,1/19/2021,Other quarantine,PVY000,No,No,No,No,No,Yes,No,No,No,No,No,No,No,No,No,Non-European isolates of potato virus Y,0.1657,0.2477,0.2709,0.6068,0.6827,0.7041,0.1177,0.1608,0.1793,0.1446,0.1975,0.2474,0.5,0.75,0.5
Oemona hirta,Insects,01/12/2021,Other quarantine,OEMOHI,No,Yes,Yes,Yes,Yes,No,No,No,No,No,No,No,No,No,No,Oemona hirta,0.1648,0.199,0.2461,0.4044,0.4576,0.4909,0.0734,0.0898,0.1117,0.087,0.0914,0.0972,0.5,0.9999,0.5
Oligonychus perditus,Mites,4/23/2020,Other quarantine,OLIGPD,No,No,Yes,No,No,No,No,No,No,No,No,No,No,No,No,Oligonychus perditus Pritchard & Baker / 12.3.2014,0.041,0.0452,0.0506,0.2144,0.2454,0.2699,0.0094,0.011,0.0127,0.0315,0.036,0.0418,0.322375,0.74475,0.322375
Opogona sacchari,Insects,4/23/2020,RNQP,OPOGSC,Yes,No,No,No,No,No,No,No,No,No,No,Yes,No,Yes,No,Opogona sacchari (Bojer) / 22.10.2014,0.1431,0.1695,0.2103,0.4959,0.5662,0.6409,0.0768,0.0971,0.1367,0.0472,0.0634,0.0811,0.5,0.2287,0.2287
Pagiocerus frontalis,Insects,10/11/2021,Other non-quarantine,PAGIFR,No,No,No,No,No,No,No,Yes,Yes,No,No,No,No,No,No,Pagiocerus frontalis,0.6896,0.6934,0.6981,1.00E-04,1.00E-04,1.00E-04,1.00E-04,1.00E-04,1.00E-04,0.0038,0.0081,0.0139,0.25,1.00E-04,1.00E-04
Pantoea stewartii subsp.  stewartii,Bacteria and phytoplasmas,4/24/2020,Other quarantine,ERWIST,Yes,No,No,No,No,No,No,No,Yes,No,No,No,No,No,No,Pantoea stewartii subsp.  stewartii,0.3344,0.3795,0.4162,1.00E-04,1.00E-04,1.00E-04,1.00E-04,1.00E-04,1.00E-04,0.0037,0.0082,0.0139,0.42875,1.00E-04,1.00E-04
Parasaissetia nigra,Insects,4/24/2020,Other non-quarantine,SAISNI,Yes,No,No,No,No,No,No,No,No,No,No,No,No,Yes,No,Parasaissetia nigra  (Nietner)  / 21.7.2016,0.2854,0.3177,0.3421,0.4688,0.5342,0.5966,0.1409,0.1645,0.1895,0.0584,0.076,0.0916,0.6763,0.391975,0.391975
Pardalaspis cyanescens,Insects,4/23/2020,Other quarantine,CERTCY,No,No,No,No,No,No,No,No,No,No,Yes,Yes,No,No,No,Pardalaspis cyanescens,0.0134,0.0157,0.0188,0.3501,0.4205,0.4986,0.0052,0.0066,0.0084,0.1047,0.1549,0.2062,0.177625,0.231125,0.145675
Peach mosaic virus,Viruses and viroids,4/24/2020,Other quarantine,PCMV00,No,No,No,Yes,No,No,No,No,No,No,No,No,No,No,No,Peach mosaic virus / 04.11.2016,1.00E-04,0.013,0.0159,1.00E-04,1.00E-04,1.00E-04,1.00E-04,1.00E-04,1.00E-04,0.0038,0.0083,0.0141,0.4254,0.168275,0.168275
Peach rosette mosaic virus,Viruses and viroids,4/24/2020,Other quarantine,PRMV00,No,No,No,Yes,Yes,No,No,No,No,No,No,No,No,No,No,Peach rosette mosaic virus / 23.2.2016,1.00E-04,0.0259,0.0319,0.5086,0.5904,0.6619,1.00E-04,0.0144,0.0187,0.0278,0.0278,0.0278,0.424175,0.645525,0.424175
Peach rosette phytoplasma,Bacteria and phytoplasmas,4/24/2020,Other quarantine,PHYP30,No,No,No,Yes,No,No,No,No,No,No,No,No,No,No,No,Peach rosette phytoplasma  / 19.2.2016,0.0094,0.0132,0.0161,1.00E-04,1.00E-04,0.1791,1.00E-04,1.00E-04,1.00E-04,0.0137,0.0196,0.024,0.42555,0.5726,0.42555
Peach yellows phytoplasma,Bacteria and phytoplasmas,4/24/2020,Other quarantine,PHYP29,No,No,No,Yes,No,No,No,No,No,No,No,No,No,No,No,Peach yellows phytoplasma / 22.2.2016,1.00E-04,0.021,0.0266,0.4733,0.55,0.626,1.00E-04,0.011,0.0146,0.0315,0.036,0.0417,0.42845,0.5713,0.42845
Pepino mosaic virus,Viruses and viroids,4/24/2020,Emergency measures,PEPMV0,Yes,No,No,No,No,No,No,No,No,No,Yes,No,No,No,No,Pepino mosaic virus    / 20.10.2014,0.6079,0.6429,0.6926,0.6822,0.7422,0.7891,0.4357,0.4762,0.523,0.1901,0.2127,0.2352,0.675875,0.3676,0.3676
Pepper mild mottle virus,Insects,4/24/2020,Other non-quarantine,PMMOV0,Yes,No,No,No,No,No,No,No,No,No,No,Yes,No,No,No,Pepper mild mottle virus,0.5277,0.8474,0.9045,0.7705,0.7818,0.8048,0.4441,0.6725,0.7224,0.1208,0.1512,0.1769,0.75,0.67655,0.67655
Pepper mild tigre virus,Viruses and viroids,4/24/2020,Other quarantine,PEPMTV,No,No,No,No,No,No,No,No,No,No,No,Yes,No,No,No,Pepper mild tigré virus / 20.10.2014,0.003,0.0055,0.0087,0.3384,0.3693,0.4015,0.0011,0.002,0.0032,0.1149,0.1194,0.1251,0.4282,0.5,0.4282
Peronospora belbahrii,Fungi and fungus-like,10/11/2021,Other non-quarantine,PEROBE,Yes,No,No,No,No,No,No,No,No,No,No,No,No,No,Yes,Peronospora belbahrii,0.9999,0.9999,0.9999,0.5745,0.6351,0.6808,0.5745,0.6351,0.6808,0.1121,0.1473,0.1824,0.75,0.167475,0.167475
Phialophora cinerescens,Fungi and fungus-like,4/24/2020,Other non-quarantine,PHIACI,Yes,No,No,No,No,No,No,No,No,No,No,No,No,Yes,No,Phialophora cinerescens (Wollenweber) van Beyma / 06.11.2013,0.1223,0.1479,0.1737,0.3917,0.4391,0.4737,0.0508,0.0628,0.0756,0.0136,0.0192,0.0239,0.75,0.240275,0.240275
Phoma andigena,Fungi and fungus-like,05/04/2020,Other quarantine,PHOMAN,No,No,No,No,No,Yes,No,No,No,No,Yes,No,No,No,No,Phoma andina,0.0089,0.0119,0.0145,0.1965,0.2259,0.2617,0.0019,0.0026,0.0034,0.11,0.1341,0.1639,0.1757,0.5,0.1757
Phyllosticta solitaria,Fungi and fungus-like,4/24/2020,Other quarantine,PHYSSL,No,No,No,Yes,No,No,No,No,No,No,No,No,No,No,No,Phyllosticta solitaria Ellis & Everhart / 18.2.2016,0.0338,0.046,0.0525,0.1965,0.2892,0.3706,0.007,0.0118,0.0166,0.0605,0.0792,0.1023,0.425575,0.4441,0.37855
Phymatotrichopsis omnivora,Fungi and fungus-like,4/27/2020,Other quarantine,PHMPOM,No,Yes,No,Yes,Yes,No,No,Yes,Yes,No,No,No,No,No,No,Phymatotrichopsis omnivora (Duggar) Hennebert  03.3.2014,0.1613,0.1794,0.2028,1.00E-04,1.00E-04,1.00E-04,1.00E-04,1.00E-04,1.00E-04,1.00E-04,1.00E-04,1.00E-04,0.426675,0.675775,0.426675
Phytophthora kernoviae sp. nov.,Fungi and fungus-like,3/17/2022,Other non-quarantine,PHYTKE,Yes,Yes,No,Yes,Yes,No,No,No,No,No,No,No,No,No,No,"Phytophthora kernoviae sp. nov. (Brasier et al., 2005) / 18.10.2013",0.1256,0.1484,0.1866,0.3813,0.4223,0.4803,0.0516,0.0639,0.0858,0.2794,0.3314,0.3812,0.5,0.8232,0.5
Phytophthora ramorum (EU isolates),Fungi and fungus-like,02/02/2021,Other non-quarantine,PHYTRA,Yes,Yes,Yes,No,Yes,No,No,No,No,No,No,No,No,No,No,Phytophthora ramorum (EU isolates),0.734,0.7443,0.754,0.5579,0.5927,0.6394,0.4139,0.4409,0.4759,0.3188,0.3702,0.4198,0.75,0.92605,0.75
Phytophthora ramorum (non-EU isolates),Fungi and fungus-like,02/02/2021,Other quarantine,PHYTRA,No,Yes,Yes,No,Yes,No,No,No,No,No,No,No,No,No,No,Phytophthora ramorum (non-EU isolates),0.177,0.1927,0.2093,0.5577,0.5926,0.6388,0.1024,0.114,0.1272,0.3544,0.4074,0.4606,0.4276,0.929075,0.4276
Phytoplasma pruni,Bacteria and phytoplasmas,4/27/2020,RNQP,PHYPPN,No,No,No,Yes,No,No,No,No,No,No,No,No,No,No,No,Phytoplasma pruni / 22.2.2016,0.0187,0.0264,0.0322,0.4716,0.553,0.6306,0.0079,0.0138,0.0178,0.0441,0.0551,0.0661,0.42605,0.573425,0.42605
Phytoplasma prunorum,Bacteria and phytoplasmas,4/27/2020,RNQP,PHYPPR,Yes,No,No,Yes,No,No,No,No,No,No,No,No,No,No,No,Phytoplasma prunorum Seemüller & Schneider  / 26.4.2016,0.0841,0.0954,0.1114,0.3596,0.4057,0.4411,0.033,0.0381,0.0449,0.0138,0.0197,0.0241,0.75,0.751775,0.75
Phytoplasma pyri,Bacteria and phytoplasmas,4/27/2020,RNQP,PHYPPY,Yes,No,No,Yes,No,No,No,No,No,No,No,No,No,No,No,Phytoplasma pyri Seemüller & Schneider  / 27.4.2016,0.084,0.0962,0.1116,0.3962,0.4658,0.5427,0.0367,0.045,0.0543,0.0165,0.0279,0.0392,0.75,0.216275,0.216275
Phytoplasma solani,Bacteria and phytoplasmas,4/27/2020,RNQP,PHYPSO,Yes,No,No,No,Yes,Yes,Yes,Yes,Yes,No,No,No,No,No,No,"Phytoplasma solani Quaglino, Zhao, Casati, Bulgari, Bianco, Wei & Davis  / 01.7.2016",0.3957,0.4247,0.4626,0.3833,0.4552,0.5341,0.1622,0.1943,0.2307,0.1864,0.2302,0.2755,0.75,0.566725,0.566725
Phytoplasma ulmi,Bacteria and phytoplasmas,4/27/2020,Other non-quarantine,PHYPUL,Yes,Yes,No,No,No,No,No,No,No,No,No,No,No,No,No,"Phytoplasma ulmi  Lee, Martini, Marcone & Zhu  / 18.3.2016",0.0421,0.0478,0.055,0.5452,0.5975,0.6463,0.0246,0.0284,0.0332,0.1773,0.223,0.2678,0.57405,0.824425,0.57405
Pissodes cibriani,Insects,1/26/2021,Other quarantine,PISOCI,No,No,Yes,No,No,No,No,No,No,No,No,No,No,No,No,Pissodes cibriani,0.0094,0.0162,0.0257,1.00E-04,0.1868,0.3192,1.00E-04,9.00E-04,0.0051,0.0777,0.1082,0.1418,0.322325,0.399975,0.288
Pissodes fasciatus,Insects,3/17/2022,Other quarantine,PISOFA,No,No,Yes,No,No,No,No,No,No,No,No,No,No,No,No,Pissodes fasciatus,0.0419,0.0545,0.0689,0.5751,0.6185,0.6518,0.0253,0.033,0.0422,0.0694,0.0753,0.0796,0.3245,0.5739,0.3245
Pissodes nemorensis,Insects,1/26/2021,Other quarantine,PISONE,No,No,Yes,No,No,No,No,No,No,No,No,No,No,No,No,Pissodes nemorensis Germar / 10.6.2016,0.2004,0.2388,0.2789,0.6106,0.6659,0.719,0.1275,0.1567,0.1866,0.4063,0.4351,0.4655,0.3238,0.9999,0.3238
Pissodes nitidus,Insects,1/26/2021,Other quarantine,PISONI,No,No,Yes,No,No,No,No,No,No,No,No,No,No,No,No,Pissodes nitidus,0.067,0.0821,0.0994,0.3537,0.4156,0.4818,0.0257,0.0337,0.0429,0.1286,0.1651,0.2036,0.32155,0.654925,0.32155
Pissodes punctatus,Insects,1/26/2021,Other quarantine,PISOPU,No,No,Yes,No,No,No,No,No,No,No,No,No,No,No,No,Pissodes punctatus,0.0096,0.0162,0.0255,1.00E-04,0.1887,0.3326,1.00E-04,9.00E-04,0.0054,0.0776,0.1087,0.1414,0.3242,0.398725,0.286975
Pissodes strobi,Insects,1/26/2021,Other quarantine,PISOST,No,No,Yes,No,No,No,No,No,No,No,No,No,No,No,No,Pissodes strobi (Peck)  / 13.6.2016,0.198,0.2356,0.2764,0.6395,0.6881,0.7392,0.1331,0.1612,0.1902,0.3852,0.4348,0.4834,0.32135,0.9999,0.32135
Pissodes terminalis,Insects,1/26/2021,Other quarantine,PISOTE,No,No,Yes,No,No,No,No,No,No,No,No,No,No,No,No,Pissodes terminalis Hopping  / 14.6.2016,0.1327,0.1649,0.201,0.4973,0.543,0.5792,0.0694,0.0885,0.1096,0.1179,0.1466,0.1778,0.3211,0.752075,0.3211
Pissodes yunnanensis,Insects,1/26/2021,Other quarantine,PISOYU,No,No,Yes,No,No,No,No,No,No,No,No,No,No,No,No,Pissodes yunnanensis,0.0094,0.0162,0.0254,1.00E-04,0.3384,0.414,1.00E-04,0.0042,0.0081,0.0763,0.1075,0.1414,0.32175,0.399425,0.286
Pissodes zitacuarense,Insects,1/26/2021,Other quarantine,PISOZI,No,No,Yes,No,No,No,No,No,No,No,No,No,No,No,No,Pissodes zitacuarense,0.0095,0.0163,0.0252,1.00E-04,0.1894,0.3206,1.00E-04,0.0012,0.0051,0.0782,0.1084,0.1423,0.32435,0.400425,0.288625
Plasmopara halstedii,Fungi and fungus-like,4/27/2020,RNQP,PLASHA,Yes,No,No,No,No,No,No,No,Yes,No,No,No,No,No,No,Plasmopara halstedii 28.11.2013,0.5655,0.5931,0.6283,0.7622,0.7703,0.782,0.4323,0.4551,0.4833,0.0316,0.036,0.0417,0.75,0.9999,0.75
Plum pox virus,Viruses and viroids,4/27/2020,RNQP,PPV000,Yes,No,No,No,Yes,No,No,No,No,No,No,No,No,No,No,Plum pox virus / 15.9.2016,0.1582,0.1702,0.5559,0.7143,0.8095,0.8095,0.1217,0.1316,0.3975,0.059,0.0757,0.0918,0.75,0.5,0.5
Polygraphus proximus,Insects,3/17/2022,Other quarantine,POLGPR,No,No,Yes,No,No,No,No,No,No,No,No,No,No,No,No,Polygraphus proximus Blandford / 21.5.2014,0.1304,0.1304,0.1304,0.4954,0.5727,0.6449,0.0646,0.0747,0.0841,0.4469,0.5304,0.6069,0.5,0.9999,0.5
Pomacea,Snails,1/19/2021,Other quarantine,1POMAG,Yes,No,No,No,No,No,No,No,No,No,No,No,No,No,Yes,Pomacea,0.1499,0.2005,0.2729,1.00E-04,1.00E-04,1.00E-04,1.00E-04,1.00E-04,1.00E-04,1.00E-04,1.00E-04,1.00E-04,0.5,1.00E-04,1.00E-04
Popillia japonica,Insects,1/26/2021,Priority,POPIJA,Yes,Yes,No,Yes,Yes,No,No,No,No,No,No,No,No,No,No,Popillia japonica Newman / 16.3.2016,0.4058,0.4608,0.5198,0.3409,0.377,0.4184,0.1479,0.1731,0.2018,0.1456,0.1836,0.2206,0.5,0.75,0.5
Potato black ringspot virus,Viruses and viroids,4/28/2020,Other quarantine,PBRSV0,No,No,No,No,No,Yes,No,No,No,No,No,No,No,No,No,Potato black ringspot virus,0.0311,0.0589,0.0727,0.544,0.5954,0.6435,0.0166,0.034,0.043,0.1271,0.1504,0.1716,0.5,0.8231,0.5
Potato spindle tuber viroid,Viruses and viroids,05/07/2020,RNQP,PSTVD0,Yes,No,No,No,No,Yes,No,No,No,No,Yes,No,No,Yes,No,Potato spindle tuber viroid,0.908,0.9091,0.9106,0.6462,0.6577,0.6664,0.5877,0.5979,0.6071,0.3236,0.3513,0.3796,0.75,0.68355,0.68355
Potato virus T,Viruses and viroids,1/19/2021,Other quarantine,PVT000,No,No,No,No,No,Yes,No,No,No,No,No,No,No,No,No,Potato virus T,0.0156,0.0443,0.053,0.5323,0.5435,0.5688,0.0086,0.0244,0.0293,0.0263,0.0354,0.0471,0.5,0.75,0.5
Premnotrypes spp.  (non-European),Insects,4/28/2020,Other quarantine,1PREMG,No,No,No,No,No,Yes,No,No,No,No,No,No,No,No,No,Premnotrypes spp.  (non-European),0.028,0.0477,0.0567,0.4117,0.4898,0.5716,0.0105,0.0219,0.0283,0.2445,0.2694,0.2929,0.423125,0.7492,0.423125
Pseudocercospora pini-densiflorae,Fungi and fungus-like,1/29/2021,Other quarantine,CERSPD,No,No,Yes,No,No,No,No,No,No,No,No,No,No,No,No,Pseudocercospora pini-densiflorae,0.0112,0.0577,0.069,1.00E-04,0.1934,0.2045,1.00E-04,0.0094,0.0129,0.1117,0.1394,0.1652,0.32345,0.9258,0.32345
Pseudomonas syringae pv. actinidiae,Bacteria and phytoplasmas,4/29/2020,Emergency measures,PSDMAK,Yes,No,No,No,No,No,No,No,No,No,No,No,No,No,Yes,Pseudomonas syringae pv. actinidiae  / 16.3.2016,0.0634,0.0853,0.1086,0.3765,0.4234,0.4575,0.0258,0.0346,0.0449,0.0137,0.0194,0.024,0.75,0.2165,0.2165
Pseudopityophthorus minutissimus,Insects,4/29/2020,Other quarantine,PSDPMI,No,Yes,No,No,No,No,No,No,No,No,No,No,No,No,No,Pseudopityophthorus minutissimus (Zimmermann)  / 10.3.2016,0.0194,0.0313,0.0419,0.4604,0.5118,0.5618,0.0098,0.0158,0.0215,0.0593,0.0636,0.0692,0.427375,0.9268,0.427375
Pseudopityophthorus pruinosus,Insects,4/29/2020,Other quarantine,PSDPPR,No,Yes,No,No,No,No,No,No,No,No,No,No,No,No,No,Pseudopityophthorus pruinosus (Eichhoff)  / 10.3.2016,0.0152,0.0243,0.0313,0.2627,0.3198,0.3709,0.0034,0.0068,0.0099,0.0593,0.0634,0.0692,0.427,0.927675,0.427
Pterandrus rosa,Insects,4/29/2020,Other quarantine,CERTRO,No,No,No,No,No,No,No,No,No,No,Yes,No,No,No,No,Pterandrus rosa (Karsch) / 11.1.2016,0.0277,0.0315,0.0344,0.1657,0.2213,0.2743,0.0048,0.0067,0.0085,0.0981,0.1481,0.1996,0.25,0.16775,0.16775
Puccinia horiana,Fungi and fungus-like,4/29/2020,RNQP,PUCCHN,Yes,No,No,No,No,No,No,No,No,No,No,No,No,Yes,No,Puccinia horiana P. Hennings / 29.10.2013,0.6329,0.6984,0.7338,0.356,0.4118,0.4649,0.2121,0.2712,0.3185,0.1431,0.1571,0.1704,0.75,1.00E-04,1.00E-04
Puccinia pittieriana,Fungi and fungus-like,4/29/2020,Other quarantine,PUCCPT,No,No,No,No,No,Yes,No,No,No,No,Yes,No,No,No,No,Puccinia pittieriana P. Hennings / 11.9.2013,0.0042,0.0071,0.0089,0.2956,0.3729,0.4633,1.00E-04,0.0024,0.0035,0.1092,0.1337,0.1622,1.00E-04,0.5,1.00E-04
Radopholus similis,Nematodes,05/04/2020,Other non-quarantine,RADOSI,Yes,No,No,No,No,No,No,No,No,No,Yes,No,Yes,Yes,No,Radopholus similis (Cobb) Thorne  / 12.8.2016,0.3994,0.4875,0.6078,0.3847,0.439,0.4761,0.1679,0.2097,0.2668,0.0586,0.0873,0.1222,0.5,0.5,0.5
Ralstonia pseudosolanacearum,Bacteria and phytoplasmas,12/18/2020,Other quarantine,RALSPS,No,No,No,No,No,Yes,No,No,No,No,Yes,No,No,Yes,No,Ralstonia pseudosolanacearum,0.5905,0.6418,0.697,0.3749,0.4467,0.5196,0.2377,0.2858,0.3388,0.1533,0.1987,0.2498,0.5,0.9999,0.5
Ralstonia solanacearum,Bacteria and phytoplasmas,05/04/2020,Other quarantine,RALSSL,Yes,No,No,No,No,Yes,No,No,No,No,Yes,No,No,Yes,No,Ralstonia solanacearum,0.8005,0.8324,0.8693,0.619,0.619,0.7143,0.5028,0.5292,0.5667,0.3192,0.3429,0.3661,0.75,0.9999,0.75
Ralstonia syzygii subsp. Indonesiensis,Bacteria and phytoplasmas,3/17/2022,Other quarantine,RALSSI,No,No,No,No,No,Yes,No,No,No,No,Yes,No,No,Yes,No,Ralstonia syzykii ssp. indonesiensis,0.0526,0.106,0.1238,0.3166,0.3471,0.3777,0.0186,0.0357,0.0425,0.1349,0.1736,0.2273,0.5,0.9999,0.5
Raspberry leaf curl virus,Viruses and viroids,4/30/2020,Other quarantine,RLCV00,No,No,No,No,Yes,No,No,No,No,No,No,No,No,No,No,Raspberry leaf curl virus / 24.2.2016,0.0421,0.0477,0.0554,0.4964,0.5474,0.5962,0.0224,0.026,0.0304,0.1109,0.1409,0.1687,0.42675,0.749975,0.42675
Rhacochlaena japonica,Insects,4/16/2020,Other quarantine,RHACJA,No,No,No,Yes,No,No,No,No,No,No,No,No,No,No,No,Rhacochlaena japonica,0.0031,0.0161,0.019,0.2973,0.3303,0.3546,0.0014,0.0051,0.0063,1.00E-04,1.00E-04,1.00E-04,0.25,0.25,0.25
Rhagoletis cingulata,Insects,4/30/2020,Other non-quarantine,RHAGCI,Yes,No,No,Yes,No,No,No,No,No,No,No,No,No,No,No,Rhagoletis cingulata (Loew) / 02.7.2013,0.0886,0.097,0.1042,0.3131,0.3801,0.4515,0.0296,0.0363,0.0439,0.0139,0.0196,0.024,0.5,0.352075,0.352075
Rhagoletis completa,Insects,4/30/2020,Other non-quarantine,RHAGCO,Yes,Yes,No,No,No,No,No,No,No,No,No,No,No,No,No,Rhagoletis completa Cresson  / 11.2.2016,0.0512,0.0608,0.0697,1.00E-04,0.208,0.2631,1.00E-04,0.0114,0.0158,0.0141,0.0195,0.0239,0.678075,0.432425,0.432425
Rhagoletis fausta,Insects,4/30/2020,Other quarantine,RHAGFA,No,No,No,Yes,No,No,No,No,No,No,No,No,No,No,No,Rhagoletis fausta (Osten Sacken) / 20.1.2016,0.0411,0.0549,0.0629,0.5084,0.5576,0.6083,0.0228,0.0301,0.0356,0.0313,0.0356,0.0416,0.25,0.16985,0.16985
Rhagoletis indifferens,Insects,4/30/2020,Other quarantine,RHAGIN,No,No,No,Yes,No,No,No,No,No,No,No,No,No,No,No,Rhagoletis indifferens  Curran / 12.2.2016,0.0205,0.0275,0.0318,0.4966,0.5428,0.5776,0.0108,0.0144,0.0173,0.0139,0.0198,0.0241,0.25,0.5021,0.25
Rhagoletis mendax,Insects,4/30/2020,Other quarantine,RHAGME,No,No,No,No,Yes,No,No,No,No,No,No,No,No,No,No,Rhagoletis mendax Curran / 12.2.2016,0.0524,0.0575,0.0643,0.4642,0.5112,0.5472,0.0257,0.0293,0.035,0.1583,0.176,0.193,0.25,0.644225,0.25
Rhagoletis pomonella,Insects,1/26/2021,Priority,RHAGPO,No,Yes,No,Yes,No,No,No,No,No,No,No,No,No,No,No,Rhagoletis pomonella (Walsh) / 21.1.2016,0.0817,0.0981,0.111,0.5696,0.628,0.6837,0.0489,0.0603,0.0707,0.0865,0.109,0.1341,0.250525,0.75,0.250525
Rhagoletis ribicola,Insects,4/30/2020,Other quarantine,RHAGRI,No,No,No,No,Yes,No,No,No,No,No,No,No,No,No,No,Rhagoletis ribicola Doane / 28.6.2013,0.0585,0.0623,0.0656,0.5112,0.5582,0.595,0.0309,0.0343,0.0377,0.0604,0.0731,0.087,0.25,0.747525,0.25
Rhagoletis suavis,Insects,4/30/2020,Other quarantine,RHAGSU,Yes,Yes,No,No,No,No,No,No,No,No,No,No,No,No,No,Rhagoletis suavis  (Loew) / 12.2.2016,0.0274,0.0377,0.0464,1.00E-04,0.207,0.2633,1.00E-04,0.0062,0.0101,0.0139,0.0197,0.0242,0.5,0.4309,0.4309
Rhizoecus hibisci,Insects,10/13/2021,Other quarantine,RHIOHI,No,No,No,No,No,No,No,No,No,No,No,No,No,Yes,No,Rhizoecus hibisci Kawai & Takagi / 23.1.2014,0.1337,0.1508,0.1737,0.2803,0.3127,0.3427,0.0406,0.0476,0.0563,0.0441,0.0557,0.0669,0.5,0.215825,0.215825
Saperda candida,Insects,4/30/2020,Other quarantine,SAPECN,Yes,Yes,No,Yes,No,No,No,No,No,No,No,No,No,No,No,"Saperda candida Fabricius, 1787 / 10.11.2017",0.0961,0.1112,0.1284,0.3797,0.4542,0.5125,0.0395,0.0492,0.0596,0.0595,0.0733,0.0864,0.5,0.5728,0.5
Scaphoideus luteolus,Insects,4/30/2020,Other non-quarantine,SCAPLU,No,Yes,No,No,No,No,No,No,No,No,No,No,No,No,No,Scaphoideus luteolus van Duzee  / 18.3.2016,0.0049,0.0097,0.0125,0.4651,0.5138,0.5577,0.0024,0.0049,0.0064,0.0556,0.0556,0.0556,0.425975,0.9999,0.425975
Scirtothrips citri,Insects,05/04/2020,Other quarantine,SCITCI,No,No,No,No,Yes,No,No,No,No,No,No,No,No,No,No,Scirtothrips citri (Moulton)  / 11.7.2016,0.0426,0.0481,0.0529,0.2202,0.2845,0.345,0.0097,0.0132,0.0165,0.0164,0.0278,0.0391,0.25,0.1695,0.1695
Scirtothrips dorsalis,Insects,05/04/2020,Other quarantine,SCITDO,No,No,No,No,No,No,No,No,No,No,Yes,Yes,No,Yes,No,Scirtothrips dorsalis Hood / 22.10.2014,0.3707,0.5841,0.6961,0.4608,0.5352,0.6164,0.2014,0.2816,0.3744,0.1195,0.1472,0.176,0.4278,0.5,0.4278
Scolytus morawitzi,Insects,5/22/2020,Other non-quarantine,SCOLMO,Yes,No,Yes,No,No,No,No,No,No,No,No,No,No,No,No,Scolytus morawitzi,0.1091,0.1262,0.1449,0.6193,0.6279,0.6391,0.0662,0.0772,0.0891,0.0353,0.0441,0.0553,0.5,0.67655,0.5
Scrobipalpa ocellatella,Insects,05/04/2020,Other non-quarantine,PHTOOC,Yes,No,No,No,No,No,Yes,No,No,No,No,No,No,No,No,Scrobipalpa ocellatella (Boyd) / 05.3.2014,0.1028,0.1374,0.163,0.1835,0.2393,0.2942,0.0176,0.03,0.0409,0.0466,0.0751,0.1018,0.75,0.9266,0.75
Septoria lycopersici var. malagutii,Fungi and fungus-like,05/04/2020,Other quarantine,SEPTLM,No,No,No,No,No,Yes,No,No,No,No,No,No,No,No,No,Septoria malagutii,0.0339,0.054,0.0629,0.251,0.3088,0.3506,0.0088,0.0153,0.0199,0.1296,0.1584,0.1857,0.1764,0.850525,0.1764
Sphaeropsis sapinea,Fungi and fungus-like,1/31/2022,Other non-quarantine,DIPDPI,Yes,No,Yes,No,No,No,No,No,No,No,No,No,No,No,No,Sphaeropsis sapinea,0.9999,0.9999,0.9999,0.7856,0.7956,0.8033,0.7856,0.7956,0.8033,0.3843,0.4277,0.4682,0.9999,0.9999,0.9999
Sphaerulina musiva,Fungi and fungus-like,4/14/2020,Other quarantine,MYCOPP,No,Yes,No,No,No,No,No,No,No,No,No,No,No,No,No,Sphaerulina musiva,0.0396,0.0531,0.0603,0.4643,0.5122,0.5483,0.0196,0.0261,0.031,0.097,0.1178,0.1417,0.322325,0.927975,0.322325
Spodoptera eridania,Insects,05/04/2020,Other quarantine,PRODER,No,No,No,No,No,No,No,No,No,Yes,Yes,Yes,Yes,Yes,No,Spodoptera eridania (Cramer) / 17.10.2014,0.6091,0.7525,0.7761,0.4065,0.4399,0.4708,0.2665,0.319,0.3518,0.0641,0.0914,0.121,0.291075,0.36995,0.25245
Spodoptera frugiperda,Insects,05/04/2020,Priority,LAPHFR,No,No,No,No,No,No,No,No,No,Yes,Yes,Yes,Yes,Yes,No,Spodoptera frugiperda (J.E. Smith) / 17.10.2014,0.702,0.7337,0.7566,0.4226,0.4567,0.4874,0.3053,0.3314,0.3602,0.0647,0.0923,0.1215,0.177,0.5,0.177
Spodoptera littoralis,Insects,05/04/2020,Other non-quarantine,SPODLI,Yes,No,No,No,No,No,No,No,No,Yes,Yes,Yes,Yes,Yes,No,Spodoptera littoralis Boisduval / 18.12.2013,0.9085,0.9462,0.9753,0.4061,0.4393,0.4742,0.377,0.4129,0.4509,0.0639,0.0925,0.1199,0.5,0.1671,0.1671
Spodoptera litura,Insects,05/04/2020,Other quarantine,PRODLI,Yes,No,No,No,No,No,No,No,No,Yes,Yes,Yes,No,Yes,No,Spodoptera litura Fabricius / 18.12.2013,0.9134,0.9487,0.9764,0.4052,0.4406,0.4706,0.3793,0.4136,0.4489,0.064,0.0908,0.1183,0.3581,0.1648,0.1648
Squash leaf curl virus,Viruses and viroids,05/04/2020,Other quarantine,SLCV00,No,No,No,No,No,No,No,Yes,No,Yes,No,No,No,No,No,Squash leaf curl virus / 01.3.2016,0.0347,0.04,0.0472,0.3701,0.4408,0.5163,0.0142,0.0176,0.0217,0.0315,0.0362,0.0418,0.5,1.00E-04,1.00E-04
Squash vein yellowing virus,Viruses and viroids,1/13/2021,Other quarantine,SQVYVX,No,No,No,No,No,No,No,Yes,No,Yes,No,No,No,No,No,Squash vein yellowing virus,0.0056,0.0123,0.0165,0.3438,0.4166,0.4942,0.0019,0.0049,0.0069,0.0278,0.0278,0.0278,0.5,1.00E-04,1.00E-04
Stagonosporopsis chrysanthemi,Fungi and fungus-like,05/05/2020,Other non-quarantine,MYCOLG,Yes,No,No,No,No,No,No,No,No,No,No,No,No,Yes,No,"Stagonosporopsis chrysanthemi (F. Stevens) Crous, Vaghefi and P.W.J. Taylor, (Vaghefi et al., 2012). / 31.10.2013",0.225,0.2551,0.3191,0.4712,0.5455,0.6195,0.1173,0.1437,0.1811,0.0143,0.0198,0.0242,0.75,0.1671,0.1671
Stegophora ulmea,Fungi and fungus-like,05/05/2020,Other quarantine,GNOMUL,No,Yes,No,No,No,No,No,No,No,No,No,No,No,No,No,Stegophora ulmea  (Fries) Sydow & P.Sydow  / 02.6.2016,0.019,0.0264,0.0322,0.5927,0.6435,0.6858,0.0111,0.0166,0.0204,0.0265,0.0351,0.0469,0.4258,0.50865,0.3854
Strauzia longipennis,Insects,05/05/2020,Other non-quarantine,STRALO,Yes,No,No,No,No,No,No,No,Yes,No,No,No,No,No,No,Strauzia longipennis (Wiedemann) / 16.3.2016,0.0526,0.0602,0.0683,0.4595,0.5016,0.5496,0.0253,0.03,0.0351,0.0314,0.0357,0.0415,0.5,0.216475,0.216475
Strawberry crinkle virus,Viruses and viroids,05/06/2020,RNQP,SCRV00,Yes,No,No,No,Yes,No,No,No,No,No,No,No,No,No,No,Strawberry crinkle virus / 17.2.2014,0.4399,0.4877,0.5471,0.2323,0.2892,0.3438,0.1102,0.1411,0.1721,0.0572,0.0742,0.0913,0.673575,0.214725,0.214725
Strawberry latent C virus,Viruses and viroids,05/06/2020,Other non-quarantine,STLCV0,No,No,No,No,Yes,No,No,No,No,No,No,No,No,No,No,Strawberry latent C virus / 01.3.2016,0.0278,0.0391,0.0481,0.1665,0.2368,0.3014,1.00E-04,0.0079,0.0119,0.0267,0.0523,0.0817,0.42765,0.5,0.42765
Strawberry mild yellow edge virus,Viruses and viroids,05/06/2020,RNQP,SMYEV0,Yes,No,No,No,Yes,No,No,No,No,No,No,No,No,No,No,Strawberry mild yellow edge virus / 21.6.2016,0.3494,0.3916,0.4444,0.2305,0.2855,0.3384,0.0859,0.1116,0.1375,0.044,0.0555,0.0669,0.75,0.428425,0.428425
Strawberry vein banding virus,Viruses and viroids,05/06/2020,RNQP,SVBV00,Yes,No,No,No,Yes,No,No,No,No,No,No,No,No,No,No,Strawberry vein banding virus / 01.3.2016,0.3096,0.3424,0.3841,0.2243,0.265,0.3171,0.0741,0.0911,0.1122,0.027,0.0525,0.0824,0.75,0.70535,0.70535
Strawberry witches' broom phytoplasma,Bacteria and phytoplasmas,05/06/2020,Other quarantine,SYWB00,No,No,No,No,Yes,No,No,No,No,No,No,No,No,No,No,Strawberry witches' broom phytoplasma / 14.2.2014,0.1111,0.1111,0.1111,0.3003,0.3729,0.4494,0.0334,0.0414,0.0499,0.0718,0.0955,0.1157,0.2548,0.573525,0.2548
Synchytrium endobioticum,Fungi and fungus-like,05/06/2020,Other quarantine,SYNCEN,Yes,No,No,No,No,Yes,No,No,No,No,No,No,No,No,No,Synchytrium endobioticum (Schilbersky) Percival -  new races / 05.9.2013,0.2609,0.2957,0.3346,0.7171,0.7421,0.7532,0.1874,0.213,0.2435,0.3197,0.3442,0.3678,0.75,0.9999,0.75
Tecia solanivora,Insects,05/06/2020,Other quarantine,TECASO,Yes,No,No,No,No,Yes,No,No,No,No,No,No,No,No,No,Tecia solanivora (Povolny) / 06.9.2013,0.015,0.0457,0.0547,1.00E-04,1.00E-04,1.00E-04,1.00E-04,1.00E-04,1.00E-04,1.00E-04,1.00E-04,1.00E-04,0.5,0.5,0.5
Tetropium gracilicorne,Insects,1/29/2021,Other non-quarantine,TETOGR,No,No,Yes,No,No,No,No,No,No,No,No,No,No,No,No,Tetropium gracilicorne Reitter / 27.1.2014,0.1169,0.1306,0.1456,0.7153,0.7417,0.7531,0.0834,0.0944,0.1057,0.2555,0.307,0.3568,0.42745,0.9999,0.42745
Thaumatotibia leucotreta,Insects,05/06/2020,Other quarantine,ARGPLE,No,No,No,No,No,No,No,No,No,No,No,Yes,No,Yes,No,Thaumatotibia leucotreta (Meyrick) / 14.1.2016,0.3086,0.3086,0.3086,0.3657,0.377,0.3997,0.1129,0.1163,0.1234,0.0973,0.1206,0.1438,0.25,1.00E-04,1.00E-04
Thecaphora solani,Fungi and fungus-like,02/02/2021,Other quarantine,THPHSO,No,No,No,No,No,Yes,No,No,No,No,No,No,No,No,No,Thecaphora solani  (Thirumulachar & O'Brien) Mordue  / 23.3.2016,0.0293,0.0915,0.1093,0.2233,0.2775,0.3369,0.01,0.0231,0.0316,0.2449,0.3035,0.3518,0.32605,0.9252,0.32605
Thrips palmi,Insects,05/06/2020,Other quarantine,THRIPL,No,No,No,No,No,No,No,No,No,Yes,Yes,Yes,No,Yes,No,Thrips palmi Karn / 22.10.2014,0.5606,0.6085,0.6559,0.5066,0.5791,0.6592,0.3006,0.3497,0.405,0.1757,0.2021,0.2303,0.25,0.505075,0.25
Thrips setosus,Insects,05/06/2020,Other non-quarantine,THRISE,Yes,No,No,No,No,No,No,No,No,Yes,Yes,Yes,No,Yes,No,Thrips setosus Moulton,0.4219,0.4831,0.5409,0.6337,0.6864,0.7378,0.2787,0.3273,0.374,0.1279,0.152,0.1726,0.5,0.45305,0.45305
Tilletia indica,Fungi and fungus-like,05/06/2020,Other quarantine,NEOVIN,No,No,No,No,No,No,No,No,Yes,No,No,No,No,No,No,Tilletia indica Mitra / 31.1.2014,0.1618,0.1788,0.2,0.4262,0.5037,0.5849,0.0751,0.0903,0.1076,0.1408,0.1583,0.1746,0.3241,0.8234,0.3241
Tobacco ringspot virus,Viruses and viroids,05/08/2020,Other quarantine,TRSV00,Yes,Yes,No,Yes,Yes,No,No,Yes,No,Yes,No,No,No,Yes,No,Tobacco ringspot virus / 25.11.2013,0.6006,0.7074,0.7456,0.2623,0.2983,0.3333,0.1684,0.2012,0.2345,0.0315,0.0358,0.0415,0.5,0.479475,0.479475
Tobacco streak virus black raspberry latent strain,Viruses and viroids,02/02/2021,Other quarantine,TSVBL0,No,No,No,No,Yes,No,No,No,No,No,No,No,No,No,No,Tobacco streak virus black raspberry latent strain,0.0267,0.0316,0.038,0.5368,0.5572,0.5694,0.015,0.0178,0.0215,0.0038,0.0083,0.0138,0.5,0.9999,0.5
Tomato apical stunt viroid,Viruses and viroids,05/07/2020,Other non-quarantine,TASVD0,Yes,No,No,No,No,No,No,No,No,No,Yes,No,No,Yes,No,Tomato apical stunt viroid / 18.11.2013,0.8226,0.8237,0.8251,0.6281,0.6397,0.7154,0.5176,0.5271,0.5889,0.2623,0.2867,0.3117,0.5,0.586275,0.5
Tomato brown rugose fruit virus,Viruses and viroids,05/07/2020,Emergency measures,TOBRFV,Yes,No,No,No,No,No,No,No,No,No,Yes,Yes,No,No,No,Tomato brown rugose fruit virus,0.7339,0.7409,0.7472,0.8115,0.8242,0.845,0.5955,0.611,0.6285,0.2591,0.2854,0.314,0.5,0.6778,0.5
Tomato chlorotic dwarf viroid,Viruses and viroids,05/07/2020,Other non-quarantine,TCDVD0,Yes,No,No,No,No,No,No,No,No,No,Yes,No,No,Yes,No,Tomato chlorotic dwarf viroid / 21.11.2013,0.8225,0.8236,0.8251,0.619,0.619,0.619,0.5094,0.5104,0.5124,0.2621,0.2881,0.3124,0.5,0.39315,0.39315
Tomato chocolate virus,Viruses and viroids,1/14/2021,Other quarantine,TOCHV0,No,No,No,No,No,No,No,No,No,No,Yes,Yes,No,No,No,Tomato chocolàte virus,0.0682,0.0886,0.1123,0.6047,0.6648,0.7125,0.0443,0.0582,0.078,0.0879,0.1239,0.1553,0.5,0.072825,0.072825
Tomato Leaf Curl New Delhi Virus,Viruses and viroids,05/08/2020,Other quarantine,TOLCND,Yes,No,No,No,No,No,No,No,No,Yes,Yes,Yes,No,No,No,Tomato Leaf Curl New Delhi Virus(ToLCNDV) / 16.3.2016,0.0362,0.0431,0.0498,0.4556,0.4995,0.5468,0.0175,0.0213,0.0252,0.2519,0.2699,0.2857,0.5,0.2139,0.2139
Tomato marchitez virus,Viruses and viroids,1/14/2021,Other quarantine,TOANV0,No,No,No,No,No,No,No,No,No,No,Yes,Yes,No,No,No,Tomato marchitez virus,0.0692,0.0901,0.115,0.6026,0.6627,0.7112,0.0444,0.0589,0.0821,0.0883,0.1232,0.1551,0.5,0.07195,0.07195
Tomato mild mottle virus,Viruses and viroids,1/18/2021,Other quarantine,TOMMOV,No,No,No,No,No,No,No,No,No,No,Yes,No,No,No,No,Tomato mild mottle virus,0.0057,0.0085,0.0111,0.4469,0.4822,0.5282,0.0027,0.004,0.0054,0.0873,0.1232,0.155,0.42565,0.07635,0.07635
Tomato mottle bigeminivirus,Viruses and viroids,1/14/2021,Other quarantine,TOMOV0,No,No,No,No,No,No,No,No,No,No,Yes,No,No,No,No,Tomato mottle virus,0.0122,0.0173,0.0228,0.4457,0.4827,0.5293,0.0058,0.0082,0.011,0.1607,0.1848,0.2083,0.428375,0.5,0.428375
Tomato ringspot virus,Viruses and viroids,05/08/2020,Other quarantine,TORSV0,Yes,No,No,Yes,Yes,No,No,No,No,No,No,No,No,Yes,No,Tomato ringspot virus / 26.11.2013,0.2931,0.3225,0.4084,0.3674,0.4144,0.4678,0.1165,0.1394,0.167,0.1479,0.1654,0.1838,0.5,0.7528,0.5
Tomato spotted wilt virus,Viruses and viroids,05/08/2020,RNQP,TSWV00,Yes,No,No,No,No,Yes,No,Yes,No,Yes,Yes,Yes,Yes,Yes,No,Tomato spotted wilt virus / 18.10.2013,0.9002,0.9423,0.9726,0.619,0.619,0.7143,0.5677,0.5955,0.6175,0.2266,0.2405,0.254,0.75,0.44825,0.44825
Tomato torrado virus,Viruses and viroids,1/14/2021,Other non-quarantine,TOTV00,Yes,No,No,No,No,No,No,No,No,No,Yes,Yes,No,No,No,Tomato torrado virus,0.2094,0.2328,0.3531,0.6047,0.6634,0.7131,0.1355,0.1559,0.1997,0.0894,0.1231,0.156,0.5,0.073175,0.073175
Tomato yellow leaf curl virus,Viruses and viroids,05/08/2020,RNQP,TYLCV0,Yes,No,No,No,No,No,No,No,No,No,Yes,Yes,No,Yes,No,Tomato yellow leaf curl virus / 03.12.2013,0.0644,0.0781,0.0906,0.4391,0.4865,0.5469,0.0301,0.0374,0.0457,0.1993,0.2201,0.2435,0.5,0.36545,0.36545
Venturia nashicola,Fungi and fungus-like,05/08/2020,Other quarantine,VENTNA,No,No,No,Yes,No,No,No,No,No,No,No,No,No,No,No,Venturia nashicola Tanaka & Yamamoto  / 11.5.2016,0.0093,0.0132,0.016,0.1852,0.2079,0.2205,1.00E-04,0.0023,0.0032,0.014,0.0196,0.0239,0.248425,0.17165,0.13535
Viteus vitifoliae,Insects,05/08/2020,RNQP,VITEVI,Yes,No,No,No,Yes,No,No,No,No,No,No,No,No,No,No,Viteus vitifoliae (Fitch)  / 16.6.2016,0.1542,0.1886,0.2344,0.4922,0.5715,0.6491,0.0831,0.1068,0.148,0.0139,0.0194,0.024,0.75,0.35165,0.35165
Xanthomonas arboricola pv. pruni,Bacteria and phytoplasmas,05/08/2020,RNQP,XANTPR,Yes,No,No,Yes,No,No,No,No,No,No,No,No,No,No,No,"Xanthomonas arboricola pv. pruni (Smith) Vauterin, Hoste, Kersters & Swings  / 22.6.2016",0.2368,0.2551,0.8358,0.4176,0.4649,0.5192,0.1069,0.1243,0.3159,0.0136,0.0197,0.024,0.75,0.385725,0.385725
Xanthomonas axonopodis pv. allii,Bacteria and phytoplasmas,05/08/2020,RNQP,XANTPH,Yes,No,No,No,No,No,No,Yes,No,No,No,No,No,No,No,"Xanthomonas axonopodis pv. phaseoli (Smith) Vauterin, Hoste, Kersters & Swings  / 23.6.2016",0.8355,0.9025,0.954,0.4093,0.4838,0.5606,0.36,0.4282,0.5002,0.0278,0.0278,0.0278,0.75,0.166075,0.166075
Xanthomonas axonopodis pv. phaseoli,Bacteria and phytoplasmas,05/08/2020,Other non-quarantine,XANTAA,No,No,No,No,No,No,No,Yes,No,No,No,No,No,No,No,"Xanthomonas axonopodis pv. allii Roumagnac et al., 2004 / 17.6.2013",0.442,0.4784,0.5227,0.2556,0.2986,0.3449,0.1165,0.143,0.1671,0.0329,0.0556,0.0776,0.5,0.5,0.5
Xanthomonas euvesicatoria,Bacteria and phytoplasmas,02/02/2021,RNQP,XANTEU,Yes,No,No,No,No,No,No,No,No,No,Yes,Yes,No,No,No,Xanthomonas euvesicatoria,0.1407,0.1581,0.1785,0.5408,0.6191,0.6999,0.0819,0.0972,0.1148,0.2185,0.2314,0.2452,0.5,0.332775,0.332775
Xanthomonas fragariae,Bacteria and phytoplasmas,05/08/2020,RNQP,XANTFR,Yes,No,No,No,Yes,No,No,No,No,No,No,No,No,No,No,Xanthomonas fragariae Kennedy & King / 18.3.2014,0.6927,0.7011,0.7087,0.5276,0.5728,0.607,0.3693,0.4012,0.4259,0.1412,0.159,0.1748,0.75,0.7506,0.75
Xanthomonas gardneri,Bacteria and phytoplasmas,02/02/2021,RNQP,XANTGA,No,No,No,No,No,No,No,No,No,No,Yes,Yes,No,No,No,Xanthomonas gardneri,0.0941,0.1058,0.1217,0.5398,0.6161,0.6972,0.0551,0.0655,0.0777,0.2186,0.2319,0.2453,0.5,0.332025,0.332025
Xanthomonas perforans,Bacteria and phytoplasmas,02/02/2021,RNQP,XANTPF,No,No,No,No,No,No,No,No,No,No,Yes,Yes,No,No,No,Xanthomonas perforans,0.102,0.1138,0.1285,0.5361,0.6128,0.6933,0.0597,0.0699,0.0822,0.2189,0.2326,0.2454,0.5,0.33285,0.33285
Xanthomonas vesicatoria,Bacteria and phytoplasmas,02/02/2021,RNQP,XANTVE,Yes,No,No,No,No,No,No,No,No,No,Yes,Yes,No,No,No,Xanthomonas vesicatoria,0.1884,0.2089,0.2331,0.5387,0.6155,0.6932,0.109,0.1278,0.1497,0.2178,0.232,0.2464,0.75,0.335575,0.335575
Xiphinema americanum,Nematodes,1/21/2021,Other quarantine,XIPHAA,No,Yes,Yes,Yes,Yes,Yes,Yes,Yes,Yes,No,No,No,No,Yes,No,Xiphinema americanum,0.2134,0.2763,0.3442,0.1971,0.2489,0.2994,0.0426,0.0646,0.0887,0.0695,0.0752,0.0796,0.5,0.9999,0.5
Xiphinema bricolense,Nematodes,1/21/2021,Other quarantine,XIPHBC,No,Yes,Yes,Yes,Yes,Yes,Yes,Yes,Yes,No,No,No,No,Yes,No,Xiphinema bricolense,0.2158,0.2767,0.3442,0.1925,0.2488,0.3014,0.0423,0.065,0.0879,0.0694,0.0753,0.0796,0.5,0.9999,0.5
Xiphinema californicum,Nematodes,1/21/2021,Other quarantine,XIPHCA,No,Yes,Yes,Yes,Yes,Yes,Yes,Yes,Yes,No,No,No,No,Yes,No,Xiphinema californicum Lamberti & Bleve-Zacheo  / 21.3.2016,0.2146,0.2766,0.3433,0.197,0.2484,0.2978,0.043,0.0649,0.0883,0.0693,0.0752,0.0796,0.5,0.9999,0.5
Xiphinema inaequale,Nematodes,1/21/2021,Other quarantine,XIPHNA,No,Yes,Yes,Yes,Yes,Yes,Yes,Yes,Yes,No,No,No,No,Yes,No,Xiphinema inaequale,0.2136,0.2763,0.3468,0.1983,0.2503,0.3012,0.0438,0.0648,0.0887,0.0694,0.0752,0.0795,0.5,0.9999,0.5
Xiphinema intermedium,Nematodes,1/21/2021,Other quarantine,XIPHIM,No,Yes,Yes,Yes,Yes,Yes,Yes,Yes,Yes,No,No,No,No,Yes,No,Xiphinema intermedium,0.1391,0.1807,0.2288,0.1966,0.2499,0.3004,0.0275,0.0424,0.0588,0.0693,0.0751,0.0797,0.5,0.9999,0.5
Xiphinema rivesi (non-EU populations),Nematodes,1/21/2021,Other quarantine,XIPHRI,No,Yes,Yes,Yes,Yes,Yes,Yes,Yes,Yes,No,No,No,No,Yes,No,Xiphinema rivesi (non-EU populations),0.2126,0.2741,0.3432,0.1956,0.2522,0.301,0.0425,0.0645,0.0879,0.0696,0.0752,0.0795,0.5,0.9999,0.5
Xiphinema tarjanense,Nematodes,1/21/2021,Other quarantine,XIPHTA,No,Yes,Yes,Yes,Yes,Yes,Yes,Yes,Yes,No,No,No,No,Yes,No,Xiphinema tarjanense,0.1083,0.1407,0.1749,0.1964,0.2492,0.2988,0.0219,0.033,0.0444,0.0696,0.0754,0.0797,0.5,0.9999,0.5
Xylella fastidiosa,Bacteria and phytoplasmas,6/28/2021,Priority,XYLEFA,Yes,Yes,No,Yes,Yes,No,No,No,No,No,No,No,No,Yes,No,Xylella fastidiosa Wells. et al / 09.6.2014,0.6056,0.6607,0.695,1.00E-04,1.00E-04,0.1319,1.00E-04,1.00E-04,0.0441,0.0322,0.046,0.0593,0.5,0.632625,0.5
Xylophilus ampelinus,Bacteria and phytoplasmas,05/08/2020,RNQP,XANTAM,Yes,No,No,No,Yes,No,No,No,No,No,No,No,No,No,No,"Xylophilus ampelinus (Panagopoulos) Willems, Gillis, Kersters, van den Broeke & De Ley / 17.6.2016",0.0556,0.0633,0.0691,0.2148,0.2734,0.3267,0.0126,0.0165,0.0204,0.0138,0.0198,0.0241,0.67545,0.35515,0.35515
Xylosandrus crassiusculus,Insects,05/08/2020,Other non-quarantine,XYLBCR,Yes,Yes,No,Yes,No,No,No,No,No,No,No,No,No,No,No,Xylosandrus crassiusculus (Mochul'skii) / 01.2.2016,0.2496,0.2937,0.3489,0.242,0.3241,0.3808,0.0653,0.0923,0.1187,0.0945,0.1192,0.1453,0.5,0.5743,0.5
Xyphon fulgidum,Insects,05/08/2020,Other quarantine,CARNFU,No,No,No,No,Yes,No,No,No,No,No,No,No,No,No,No,Xyphon fulgidum  (Nottingham)  / 11.3.2016,0.0087,0.0143,0.0179,1.00E-04,1.00E-04,1.00E-04,1.00E-04,1.00E-04,1.00E-04,0.0556,0.0556,0.0556,0.321775,0.9999,0.321775
Callidiellum villosulum,Insects,5.11.2022,Other non-quarantine,CLLLVI,No,No,Yes,No,No,No,No,No,No,No,No,No,No,No,No,Callidiellum villosulum,0.0223,0.0483,0.0841,1.00E-04,1.00E-04,1.00E-04,1.00E-04,1.00E-04,1.00E-04,0.0037,0.0081,0.0139,0.5,0.5299,0.5
Thekopsora minima,Fungi and fungus-like,6.8.2022,Other non-quarantine,THEKMI,Yes,No,No,Yes,No,No,No,No,No,No,No,No,No,No,No,Thekopsora minim,0.6243,0.6868,0.7598,0.7143,0.7619,0.8095,0.4541,0.5127,0.5766,0.0638,0.0754,0.0846,0.5,0.752,0.5
